season,round,driverId,quali_position,Q1,Q2,Q3
2022,1,leclerc,1,1:31.471,1:30.932,1:30.558
2022,1,max_verstappen,2,1:31.785,1:30.757,1:30.681
2022,1,sainz,3,1:31.567,1:30.787,1:30.687
2022,1,perez,4,1:32.311,1:31.008,1:30.921
2022,1,hamilton,5,1:32.285,1:31.048,1:31.238
2022,1,bottas,6,1:31.919,1:31.717,1:31.560
2022,1,kevin_magnussen,7,1:31.955,1:31.461,1:31.808
2022,1,alonso,8,1:32.346,1:31.621,1:32.195
2022,1,russell,9,1:32.269,1:31.252,1:32.216
2022,1,gasly,10,1:32.096,1:31.635,1:32.338
2022,1,ocon,11,1:32.041,1:31.782,
2022,1,mick_schumacher,12,1:32.380,1:31.998,
2022,1,norris,13,1:32.239,1:32.008,
2022,1,albon,14,1:32.726,1:32.664,
2022,1,zhou,15,1:32.493,1:33.543,
2022,1,tsunoda,16,1:32.750,,
2022,1,hulkenberg,17,1:32.777,,
2022,1,ricciardo,18,1:32.945,,
2022,1,stroll,19,1:33.032,,
2022,1,latifi,20,1:33.634,,
2022,2,perez,1,1:29.705,1:28.924,1:28.200
2022,2,leclerc,2,1:29.039,1:28.780,1:28.225
2022,2,sainz,3,1:28.855,1:28.686,1:28.402
2022,2,max_verstappen,4,1:28.928,1:28.945,1:28.461
2022,2,ocon,5,1:30.093,1:29.584,1:29.068
2022,2,russell,6,1:29.680,1:29.618,1:29.104
2022,2,alonso,7,1:29.978,1:29.295,1:29.147
2022,2,bottas,8,1:29.683,1:29.404,1:29.183
2022,2,gasly,9,1:29.891,1:29.418,1:29.254
2022,2,kevin_magnussen,10,1:29.831,1:29.546,1:29.588
2022,2,norris,11,1:29.957,1:29.651,
2022,2,ricciardo,12,1:30.009,1:29.773,
2022,2,zhou,13,1:29.978,1:29.819,
2022,2,mick_schumacher,14,1:30.167,1:29.920,
2022,2,stroll,15,1:30.256,1:31.009,
2022,2,hamilton,16,1:30.343,,
2022,2,albon,17,1:30.492,,
2022,2,hulkenberg,18,1:30.543,,
2022,2,latifi,19,1:31.817,,
2022,2,tsunoda,20,,,
2022,3,leclerc,1,1:18.881,1:18.606,1:17.868
2022,3,max_verstappen,2,1:18.580,1:18.611,1:18.154
2022,3,perez,3,1:18.834,1:18.340,1:18.240
2022,3,norris,4,1:19.280,1:19.066,1:18.703
2022,3,hamilton,5,1:19.401,1:19.106,1:18.825
2022,3,russell,6,1:19.405,1:19.076,1:18.933
2022,3,ricciardo,7,1:19.665,1:19.130,1:19.032
2022,3,ocon,8,1:19.605,1:19.136,1:19.061
2022,3,sainz,9,1:18.983,1:18.469,1:19.408
2022,3,alonso,10,1:19.192,1:18.815,
2022,3,gasly,11,1:19.580,1:19.226,
2022,3,bottas,12,1:19.251,1:19.410,
2022,3,tsunoda,13,1:19.742,1:19.424,
2022,3,zhou,14,1:19.910,1:20.155,
2022,3,mick_schumacher,15,1:20.104,1:20.465,
2022,3,albon,16,1:20.135,,
2022,3,kevin_magnussen,17,1:20.254,,
2022,3,vettel,18,1:21.149,,
2022,3,latifi,19,1:21.372,,
2022,3,stroll,20,,,
2022,4,max_verstappen,1,1:19.295,1:18.793,1:27.999
2022,4,leclerc,2,1:18.796,1:19.584,1:28.778
2022,4,norris,3,1:20.168,1:19.294,1:29.131
2022,4,kevin_magnussen,4,1:20.147,1:19.902,1:29.164
2022,4,alonso,5,1:20.198,1:19.595,1:29.202
2022,4,ricciardo,6,1:19.980,1:20.031,1:29.742
2022,4,perez,7,1:19.773,1:19.296,1:29.808
2022,4,bottas,8,1:20.419,1:20.192,1:30.439
2022,4,vettel,9,1:20.364,1:19.957,1:31.062
2022,4,sainz,10,1:19.305,1:18.990,
2022,4,russell,11,1:20.383,1:20.757,
2022,4,mick_schumacher,12,1:20.422,1:20.916,
2022,4,hamilton,13,1:20.470,1:21.138,
2022,4,zhou,14,1:19.730,1:21.434,
2022,4,stroll,15,1:20.342,1:28.119,
2022,4,tsunoda,16,1:20.474,,
2022,4,gasly,17,1:20.732,,
2022,4,latifi,18,1:21.971,,
2022,4,ocon,19,1:22.338,,
2022,4,albon,20,,,
2022,5,leclerc,1,1:29.474,1:29.130,1:28.796
2022,5,sainz,2,1:30.079,1:29.729,1:28.986
2022,5,max_verstappen,3,1:29.836,1:29.202,1:28.991
2022,5,perez,4,1:30.055,1:29.673,1:29.036
2022,5,bottas,5,1:30.845,1:29.751,1:29.475
2022,5,hamilton,6,1:30.388,1:29.797,1:29.625
2022,5,gasly,7,1:30.779,1:30.128,1:29.690
2022,5,norris,8,1:30.761,1:29.634,1:29.750
2022,5,tsunoda,9,1:30.485,1:30.031,1:29.932
2022,5,stroll,10,1:30.441,1:29.996,1:30.676
2022,5,alonso,11,1:30.407,1:30.160,
2022,5,russell,12,1:30.490,1:30.173,
2022,5,vettel,13,1:30.677,1:30.214,
2022,5,ricciardo,14,1:30.583,1:30.310,
2022,5,mick_schumacher,15,1:30.645,1:30.423,
2022,5,kevin_magnussen,16,1:30.975,,
2022,5,zhou,17,1:31.020,,
2022,5,albon,18,1:31.266,,
2022,5,latifi,19,1:31.325,,
2022,5,ocon,20,,,
2022,6,leclerc,1,1:19.861,1:19.969,1:18.750
2022,6,max_verstappen,2,1:20.091,1:19.219,1:19.073
2022,6,sainz,3,1:19.892,1:19.453,1:19.166
2022,6,russell,4,1:20.218,1:19.470,1:19.393
2022,6,perez,5,1:20.447,1:19.830,1:19.420
2022,6,hamilton,6,1:20.252,1:19.794,1:19.512
2022,6,bottas,7,1:20.355,1:20.053,1:19.608
2022,6,kevin_magnussen,8,1:20.227,1:19.810,1:19.682
2022,6,ricciardo,9,1:20.549,1:20.287,1:20.297
2022,6,mick_schumacher,10,1:20.683,1:20.436,1:20.368
2022,6,norris,11,1:20.838,1:20.471,
2022,6,ocon,12,1:20.880,1:20.638,
2022,6,tsunoda,13,1:20.707,1:20.639,
2022,6,gasly,14,1:20.719,1:20.861,
2022,6,zhou,15,1:20.476,1:21.094,
2022,6,vettel,16,1:20.954,,
2022,6,alonso,17,1:21.043,,
2022,6,stroll,18,1:21.418,,
2022,6,albon,19,1:21.645,,
2022,6,latifi,20,1:21.915,,
2022,7,leclerc,1,1:12.569,1:11.864,1:11.376
2022,7,sainz,2,1:12.616,1:12.074,1:11.601
2022,7,perez,3,1:13.004,1:11.954,1:11.629
2022,7,max_verstappen,4,1:12.993,1:12.117,1:11.666
2022,7,norris,5,1:12.927,1:12.266,1:11.849
2022,7,russell,6,1:12.787,1:12.617,1:12.112
2022,7,alonso,7,1:13.394,1:12.688,1:12.247
2022,7,hamilton,8,1:13.444,1:12.595,1:12.560
2022,7,vettel,9,1:13.313,1:12.613,1:12.732
2022,7,ocon,10,1:12.848,1:12.528,1:13.047
2022,7,tsunoda,11,1:13.110,1:12.797,
2022,7,bottas,12,1:13.541,1:12.909,
2022,7,kevin_magnussen,13,1:13.069,1:12.921,
2022,7,ricciardo,14,1:13.338,1:12.964,
2022,7,mick_schumacher,15,1:13.469,1:13.081,
2022,7,albon,16,1:13.611,,
2022,7,gasly,17,1:13.660,,
2022,7,stroll,18,1:13.678,,
2022,7,latifi,19,1:14.403,,
2022,7,zhou,20,1:15.606,,
2022,8,leclerc,1,1:42.865,1:42.046,1:41.359
2022,8,perez,2,1:42.733,1:41.955,1:41.641
2022,8,max_verstappen,3,1:42.722,1:42.227,1:41.706
2022,8,sainz,4,1:42.957,1:42.088,1:41.814
2022,8,russell,5,1:43.754,1:43.281,1:42.712
2022,8,gasly,6,1:43.268,1:43.129,1:42.845
2022,8,hamilton,7,1:43.939,1:43.182,1:42.924
2022,8,tsunoda,8,1:43.595,1:43.376,1:43.056
2022,8,vettel,9,1:43.279,1:43.268,1:43.091
2022,8,alonso,10,1:44.083,1:43.360,1:43.173
2022,8,norris,11,1:44.237,1:43.398,
2022,8,ricciardo,12,1:44.437,1:43.574,
2022,8,ocon,13,1:43.903,1:43.585,
2022,8,zhou,14,1:43.777,1:43.790,
2022,8,bottas,15,1:44.478,1:44.444,
2022,8,kevin_magnussen,16,1:44.643,,
2022,8,albon,17,1:44.719,,
2022,8,latifi,18,1:45.367,,
2022,8,stroll,19,1:45.371,,
2022,8,mick_schumacher,20,1:45.775,,
2022,9,max_verstappen,1,1:32.219,1:23.746,1:21.299
2022,9,alonso,2,1:32.277,1:24.848,1:21.944
2022,9,sainz,3,1:32.781,1:25.197,1:22.096
2022,9,hamilton,4,1:33.841,1:25.543,1:22.891
2022,9,kevin_magnussen,5,1:32.957,1:26.254,1:22.960
2022,9,mick_schumacher,6,1:33.707,1:25.684,1:23.356
2022,9,ocon,7,1:33.012,1:26.135,1:23.529
2022,9,russell,8,1:33.160,1:24.950,1:23.557
2022,9,ricciardo,9,1:33.636,1:26.375,1:23.749
2022,9,zhou,10,1:33.692,1:26.116,1:24.030
2022,9,bottas,11,1:33.689,1:26.788,
2022,9,albon,12,1:34.047,1:26.858,
2022,9,perez,13,1:33.929,1:33.127,
2022,9,norris,14,1:34.066,,
2022,9,leclerc,15,1:33.008,,
2022,9,gasly,16,1:34.492,,
2022,9,vettel,17,1:34.512,,
2022,9,stroll,18,1:35.532,,
2022,9,latifi,19,1:35.660,,
2022,9,tsunoda,20,1:36.575,,
2022,10,sainz,1,1:40.190,1:41.602,1:40.983
2022,10,max_verstappen,2,1:39.129,1:40.655,1:41.055
2022,10,leclerc,3,1:39.846,1:41.247,1:41.298
2022,10,perez,4,1:40.521,1:42.513,1:41.616
2022,10,hamilton,5,1:40.428,1:41.062,1:41.995
2022,10,norris,6,1:41.515,1:41.821,1:42.084
2022,10,alonso,7,1:41.598,1:42.209,1:42.116
2022,10,russell,8,1:40.028,1:41.725,1:42.161
2022,10,zhou,9,1:40.791,1:42.640,1:42.719
2022,10,latifi,10,1:41.998,1:43.273,2:03.095
2022,10,gasly,11,1:41.680,1:43.702,
2022,10,bottas,12,1:41.396,1:44.232,
2022,10,tsunoda,13,1:41.893,1:44.311,
2022,10,ricciardo,14,1:41.933,1:44.355,
2022,10,ocon,15,1:41.730,1:45.190,
2022,10,albon,16,1:42.078,,
2022,10,kevin_magnussen,17,1:42.159,,
2022,10,vettel,18,1:42.666,,
2022,10,mick_schumacher,19,1:42.708,,
2022,10,stroll,20,1:43.430,,
2022,11,max_verstappen,1,1:05.852,1:05.374,1:04.984
2022,11,leclerc,2,1:05.419,1:05.287,1:05.013
2022,11,sainz,3,1:05.660,1:05.576,1:05.066
2022,11,russell,4,1:06.235,1:05.697,1:05.431
2022,11,ocon,5,1:06.468,1:05.993,1:05.726
2022,11,kevin_magnussen,6,1:06.366,1:05.894,1:05.879
2022,11,mick_schumacher,7,1:06.405,1:06.151,1:06.011
2022,11,alonso,8,1:06.016,1:06.082,1:06.103
2022,11,hamilton,9,1:06.079,1:05.475,1:13.151
2022,11,gasly,10,1:06.589,1:06.160,
2022,11,albon,11,1:06.516,1:06.230,
2022,11,bottas,12,1:06.442,1:06.319,
2022,11,perez,13,1:06.143,1:06.458,
2022,11,tsunoda,14,1:06.463,1:06.851,
2022,11,norris,15,1:06.330,1:25.847,
2022,11,ricciardo,16,1:06.613,,
2022,11,stroll,17,1:06.847,,
2022,11,zhou,18,1:06.901,,
2022,11,latifi,19,1:07.003,,
2022,11,vettel,20,1:07.083,,
2022,12,leclerc,1,1:31.727,1:31.216,1:30.872
2022,12,max_verstappen,2,1:31.891,1:31.990,1:31.176
2022,12,perez,3,1:32.354,1:32.120,1:31.335
2022,12,hamilton,4,1:33.041,1:32.274,1:31.765
2022,12,norris,5,1:32.672,1:32.777,1:32.032
2022,12,russell,6,1:33.109,1:32.633,1:32.131
2022,12,alonso,7,1:32.819,1:32.631,1:32.552
2022,12,tsunoda,8,1:33.394,1:32.836,1:32.780
2022,12,sainz,9,1:32.297,1:31.081,
2022,12,kevin_magnussen,10,1:32.756,1:32.649,
2022,12,ricciardo,11,1:33.404,1:32.922,
2022,12,ocon,12,1:33.346,1:33.048,
2022,12,bottas,13,1:33.034,1:33.052,
2022,12,vettel,14,1:33.285,1:33.276,
2022,12,albon,15,1:33.423,1:33.307,
2022,12,gasly,16,1:33.439,,
2022,12,stroll,17,1:33.439,,
2022,12,zhou,18,1:33.674,,
2022,12,mick_schumacher,19,1:33.701,,
2022,12,latifi,20,1:33.794,,
2022,13,russell,1,1:18.407,1:18.154,1:17.377
2022,13,sainz,2,1:18.434,1:17.946,1:17.421
2022,13,leclerc,3,1:18.806,1:17.768,1:17.567
2022,13,norris,4,1:18.653,1:18.121,1:17.769
2022,13,ocon,5,1:18.866,1:18.216,1:18.018
2022,13,alonso,6,1:18.716,1:17.904,1:18.078
2022,13,hamilton,7,1:18.374,1:18.035,1:18.142
2022,13,bottas,8,1:18.935,1:18.445,1:18.157
2022,13,ricciardo,9,1:18.775,1:18.198,1:18.379
2022,13,max_verstappen,10,1:18.509,1:17.703,1:18.823
2022,13,perez,11,1:19.118,1:18.516,
2022,13,zhou,12,1:18.973,1:18.573,
2022,13,kevin_magnussen,13,1:18.993,1:18.825,
2022,13,stroll,14,1:19.205,1:19.137,
2022,13,mick_schumacher,15,1:19.164,1:19.202,
2022,13,tsunoda,16,1:19.240,,
2022,13,albon,17,1:19.256,,
2022,13,vettel,18,1:19.273,,
2022,13,gasly,19,1:19.527,,
2022,13,latifi,20,1:19.570,,
2022,14,max_verstappen,1,1:44.581,1:44.723,1:43.665
2022,14,sainz,2,1:45.050,1:45.418,1:44.297
2022,14,perez,3,1:45.377,1:44.794,1:44.462
2022,14,leclerc,4,1:45.572,1:44.551,1:44.553
2022,14,ocon,5,1:46.039,1:45.475,1:45.180
2022,14,alonso,6,1:46.075,1:45.552,1:45.368
2022,14,hamilton,7,1:45.736,1:45.420,1:45.503
2022,14,russell,8,1:45.650,1:45.461,1:45.776
2022,14,albon,9,1:45.672,1:45.675,1:45.837
2022,14,norris,10,1:45.745,1:45.603,1:46.178
2022,14,ricciardo,11,1:46.212,1:45.767,
2022,14,gasly,12,1:46.183,1:45.827,
2022,14,zhou,13,1:46.178,1:46.085,
2022,14,stroll,14,1:46.256,1:46.611,
2022,14,mick_schumacher,15,1:46.342,1:47.718,
2022,14,vettel,16,1:46.344,,
2022,14,latifi,17,1:46.401,,
2022,14,kevin_magnussen,18,1:46.557,,
2022,14,tsunoda,19,1:46.692,,
2022,14,bottas,20,1:47.866,,
2022,15,max_verstappen,1,1:11.317,1:10.927,1:10.342
2022,15,leclerc,2,1:11.443,1:10.988,1:10.363
2022,15,sainz,3,1:11.767,1:10.814,1:10.434
2022,15,hamilton,4,1:11.331,1:11.075,1:10.648
2022,15,perez,5,1:11.641,1:11.314,1:11.077
2022,15,russell,6,1:11.561,1:10.824,1:11.147
2022,15,norris,7,1:11.556,1:11.116,1:11.174
2022,15,mick_schumacher,8,1:11.741,1:11.420,1:11.442
2022,15,tsunoda,9,1:11.427,1:11.428,1:12.556
2022,15,stroll,10,1:11.568,1:11.416,
2022,15,gasly,11,1:11.705,1:11.512,
2022,15,ocon,12,1:11.748,1:11.605,
2022,15,alonso,13,1:11.667,1:11.613,
2022,15,zhou,14,1:11.826,1:11.704,
2022,15,albon,15,1:11.695,1:11.802,
2022,15,bottas,16,1:11.961,,
2022,15,ricciardo,17,1:12.081,,
2022,15,kevin_magnussen,18,1:12.319,,
2022,15,vettel,19,1:12.391,,
2022,15,latifi,20,1:13.353,,
2022,16,leclerc,1,1:21.280,1:21.208,1:20.161
2022,16,max_verstappen,2,1:20.922,1:21.265,1:20.306
2022,16,sainz,3,1:21.348,1:20.878,1:20.429
2022,16,perez,4,1:21.495,1:21.358,1:21.206
2022,16,hamilton,5,1:22.048,1:21.708,1:21.524
2022,16,russell,6,1:21.785,1:21.747,1:21.542
2022,16,norris,7,1:22.130,1:21.831,1:21.584
2022,16,ricciardo,8,1:22.139,1:21.855,1:21.925
2022,16,gasly,9,1:22.010,1:22.062,1:22.648
2022,16,alonso,10,1:22.089,1:21.861,
2022,16,ocon,11,1:22.166,1:22.130,
2022,16,bottas,12,1:22.254,1:22.235,
2022,16,de_vries,13,1:22.567,1:22.471,
2022,16,zhou,14,1:22.003,1:22.577,
2022,16,tsunoda,15,1:22.020,,
2022,16,latifi,16,1:22.587,,
2022,16,vettel,17,1:22.636,,
2022,16,stroll,18,1:22.748,,
2022,16,kevin_magnussen,19,1:22.908,,
2022,16,mick_schumacher,20,1:23.005,,
2022,17,leclerc,1,1:54.129,1:52.343,1:49.412
2022,17,perez,2,1:54.404,1:52.818,1:49.434
2022,17,hamilton,3,1:53.161,1:52.691,1:49.466
2022,17,sainz,4,1:54.559,1:53.219,1:49.583
2022,17,alonso,5,1:55.360,1:53.127,1:49.966
2022,17,norris,6,1:55.914,1:53.942,1:50.584
2022,17,gasly,7,1:55.606,1:53.546,1:51.211
2022,17,max_verstappen,8,1:53.057,1:52.723,1:51.395
2022,17,kevin_magnussen,9,1:55.103,1:54.006,1:51.573
2022,17,tsunoda,10,1:55.314,1:53.848,1:51.983
2022,17,russell,11,1:54.633,1:54.012,
2022,17,stroll,12,1:55.629,1:54.211,
2022,17,mick_schumacher,13,1:55.736,1:54.370,
2022,17,vettel,14,1:55.602,1:54.380,
2022,17,zhou,15,1:55.375,1:55.518,
2022,17,bottas,16,1:56.083,,
2022,17,ricciardo,17,1:56.226,,
2022,17,ocon,18,1:56.337,,
2022,17,albon,19,1:56.985,,
2022,17,latifi,20,1:57.532,,
2022,18,max_verstappen,1,1:30.224,1:30.346,1:29.304
2022,18,leclerc,2,1:30.402,1:30.486,1:29.314
2022,18,sainz,3,1:30.336,1:30.444,1:29.361
2022,18,perez,4,1:30.622,1:29.925,1:29.709
2022,18,ocon,5,1:30.696,1:30.357,1:30.165
2022,18,hamilton,6,1:30.906,1:30.443,1:30.261
2022,18,alonso,7,1:30.603,1:30.343,1:30.322
2022,18,russell,8,1:30.865,1:30.465,1:30.389
2022,18,vettel,9,1:31.256,1:30.656,1:30.554
2022,18,norris,10,1:30.881,1:30.473,1:31.003
2022,18,ricciardo,11,1:30.880,1:30.659,
2022,18,bottas,12,1:31.226,1:30.709,
2022,18,tsunoda,13,1:31.130,1:30.808,
2022,18,zhou,14,1:30.894,1:30.953,
2022,18,mick_schumacher,15,1:31.152,1:31.439,
2022,18,albon,16,1:31.311,,
2022,18,gasly,17,1:31.322,,
2022,18,kevin_magnussen,18,1:31.352,,
2022,18,stroll,19,1:31.419,,
2022,18,latifi,20,1:31.511,,
2022,19,sainz,1,1:35.297,1:35.590,1:34.356
2022,19,leclerc,2,1:35.795,1:35.246,1:34.421
2022,19,max_verstappen,3,1:35.864,1:35.294,1:34.448
2022,19,perez,4,1:36.163,1:35.864,1:34.645
2022,19,hamilton,5,1:36.148,1:35.732,1:34.947
2022,19,russell,6,1:36.195,1:35.692,1:34.988
2022,19,stroll,7,1:36.860,1:36.032,1:35.598
2022,19,norris,8,1:36.465,1:36.341,1:35.690
2022,19,alonso,9,1:36.446,1:35.988,1:35.876
2022,19,bottas,10,1:36.746,1:36.321,1:36.319
2022,19,albon,11,1:36.932,1:36.368,
2022,19,vettel,12,1:36.695,1:36.398,
2022,19,gasly,13,1:36.577,1:36.740,
2022,19,zhou,14,1:36.656,1:36.970,
2022,19,tsunoda,15,1:36.808,1:37.147,
2022,19,kevin_magnussen,16,1:36.949,,
2022,19,ricciardo,17,1:37.046,,
2022,19,ocon,18,1:37.068,,
2022,19,mick_schumacher,19,1:37.111,,
2022,19,latifi,20,1:37.244,,
2022,20,max_verstappen,1,1:19.222,1:18.566,1:17.775
2022,20,russell,2,1:19.583,1:18.565,1:18.079
2022,20,hamilton,3,1:19.169,1:18.552,1:18.084
2022,20,perez,4,1:19.706,1:18.615,1:18.128
2022,20,sainz,5,1:19.566,1:18.560,1:18.351
2022,20,bottas,6,1:19.523,1:18.762,1:18.401
2022,20,leclerc,7,1:19.505,1:19.109,1:18.555
2022,20,norris,8,1:19.857,1:19.119,1:18.721
2022,20,alonso,9,1:20.006,1:19.272,1:18.939
2022,20,ocon,10,1:19.945,1:19.081,1:19.010
2022,20,ricciardo,11,1:20.279,1:19.325,
2022,20,zhou,12,1:20.283,1:19.476,
2022,20,tsunoda,13,1:19.907,1:19.589,
2022,20,gasly,14,1:20.256,1:19.672,
2022,20,kevin_magnussen,15,1:20.293,1:19.833,
2022,20,mick_schumacher,16,1:20.419,,
2022,20,vettel,17,1:20.419,,
2022,20,stroll,18,1:20.520,,
2022,20,albon,19,1:20.859,,
2022,20,latifi,20,1:21.167,,
2022,21,kevin_magnussen,1,1:13.954,1:11.410,1:11.674
2022,21,max_verstappen,2,1:13.625,1:10.881,1:11.877
2022,21,russell,3,1:14.427,1:11.318,1:12.059
2022,21,norris,4,1:13.106,1:11.377,1:12.263
2022,21,sainz,5,1:14.680,1:10.890,1:12.357
2022,21,ocon,6,1:14.663,1:11.587,1:12.425
2022,21,alonso,7,1:13.542,1:11.394,1:12.504
2022,21,hamilton,8,1:13.403,1:11.539,1:12.611
2022,21,perez,9,1:13.613,1:11.456,1:15.601
2022,21,leclerc,10,1:14.486,1:10.950,
2022,21,albon,11,1:14.324,1:11.631,
2022,21,gasly,12,1:14.371,1:11.675,
2022,21,vettel,13,1:13.597,1:11.678,
2022,21,ricciardo,14,1:14.931,1:12.140,
2022,21,stroll,15,1:14.398,1:12.210,
2022,21,latifi,16,1:15.095,,
2022,21,zhou,17,1:15.197,,
2022,21,bottas,18,1:15.486,,
2022,21,tsunoda,19,1:16.264,,
2022,21,mick_schumacher,20,1:16.361,,
2022,22,max_verstappen,1,1:24.754,1:24.622,1:23.824
2022,22,perez,2,1:24.820,1:24.419,1:24.052
2022,22,leclerc,3,1:25.211,1:24.517,1:24.092
2022,22,sainz,4,1:25.090,1:24.521,1:24.242
2022,22,hamilton,5,1:25.594,1:24.774,1:24.508
2022,22,russell,6,1:25.545,1:24.940,1:24.511
2022,22,norris,7,1:25.387,1:24.903,1:24.769
2022,22,ocon,8,1:25.735,1:25.007,1:24.830
2022,22,vettel,9,1:25.523,1:24.974,1:24.961
2022,22,ricciardo,10,1:25.766,1:25.068,1:25.045
2022,22,alonso,11,1:25.782,1:25.096,
2022,22,tsunoda,12,1:25.630,1:25.219,
2022,22,mick_schumacher,13,1:25.711,1:25.225,
2022,22,stroll,14,1:25.741,1:25.359,
2022,22,zhou,15,1:25.594,1:25.408,
2022,22,kevin_magnussen,16,1:25.834,,
2022,22,gasly,17,1:25.859,,
2022,22,bottas,18,1:25.892,,
2022,22,albon,19,1:26.028,,
2022,22,latifi,20,1:26.054,,
2023,1,max_verstappen,1,1:31.295,1:30.503,1:29.708
2023,1,perez,2,1:31.479,1:30.746,1:29.846
2023,1,leclerc,3,1:31.094,1:30.282,1:30.000
2023,1,sainz,4,1:30.993,1:30.515,1:30.154
2023,1,alonso,5,1:31.158,1:30.645,1:30.336
2023,1,russell,6,1:31.057,1:30.507,1:30.340
2023,1,hamilton,7,1:31.543,1:30.513,1:30.384
2023,1,stroll,8,1:31.184,1:31.127,1:30.836
2023,1,ocon,9,1:31.508,1:30.914,1:30.984
2023,1,hulkenberg,10,1:31.204,1:30.809,
2023,1,norris,11,1:31.652,1:31.381,
2023,1,bottas,12,1:31.504,1:31.443,
2023,1,zhou,13,1:31.615,1:31.473,
2023,1,tsunoda,14,1:31.400,1:32.510,
2023,1,albon,15,1:31.461,,
2023,1,sargeant,16,1:31.652,,
2023,1,kevin_magnussen,17,1:31.892,,
2023,1,piastri,18,1:32.101,,
2023,1,de_vries,19,1:32.121,,
2023,1,gasly,20,1:32.181,,
2023,2,perez,1,1:29.244,1:28.635,1:28.265
2023,2,leclerc,2,1:29.376,1:28.903,1:28.420
2023,2,alonso,3,1:29.298,1:28.757,1:28.730
2023,2,russell,4,1:29.592,1:29.132,1:28.857
2023,2,sainz,5,1:29.411,1:28.957,1:28.931
2023,2,stroll,6,1:29.335,1:28.962,1:28.945
2023,2,ocon,7,1:29.707,1:29.255,1:29.078
2023,2,hamilton,8,1:29.689,1:29.374,1:29.223
2023,2,piastri,9,1:29.706,1:29.378,1:29.243
2023,2,gasly,10,1:29.890,1:29.411,1:29.357
2023,2,hulkenberg,11,1:29.547,1:29.451,
2023,2,zhou,12,1:29.654,1:29.461,
2023,2,kevin_magnussen,13,1:29.744,1:29.634,
2023,2,bottas,14,1:29.929,1:29.668,
2023,2,max_verstappen,15,1:28.761,1:49.953,
2023,2,tsunoda,16,1:29.939,,
2023,2,albon,17,1:29.994,,
2023,2,de_vries,18,1:30.244,,
2023,2,norris,19,1:30.447,,
2023,2,sargeant,20,2:08.510,,
2023,3,max_verstappen,1,1:17.384,1:17.056,1:16.732
2023,3,russell,2,1:17.654,1:17.513,1:16.968
2023,3,hamilton,3,1:17.689,1:17.551,1:17.104
2023,3,alonso,4,1:17.832,1:17.283,1:17.139
2023,3,sainz,5,1:17.928,1:17.349,1:17.270
2023,3,stroll,6,1:17.873,1:17.616,1:17.308
2023,3,leclerc,7,1:18.218,1:17.390,1:17.369
2023,3,albon,8,1:17.962,1:17.761,1:17.609
2023,3,gasly,9,1:18.312,1:17.574,1:17.675
2023,3,hulkenberg,10,1:18.029,1:17.412,1:17.735
2023,3,ocon,11,1:17.770,1:17.768,
2023,3,tsunoda,12,1:18.471,1:18.099,
2023,3,norris,13,1:18.243,1:18.119,
2023,3,kevin_magnussen,14,1:18.159,1:18.129,
2023,3,de_vries,15,1:18.450,1:18.335,
2023,3,piastri,16,1:18.517,,
2023,3,zhou,17,1:18.540,,
2023,3,sargeant,18,1:18.557,,
2023,3,bottas,19,1:18.714,,
2023,3,perez,20,,,
2023,4,leclerc,1,1:41.269,1:41.037,1:40.203
2023,4,max_verstappen,2,1:41.398,1:40.822,1:40.391
2023,4,perez,3,1:41.756,1:41.131,1:40.495
2023,4,sainz,4,1:42.197,1:41.369,1:41.016
2023,4,hamilton,5,1:42.113,1:41.650,1:41.177
2023,4,alonso,6,1:41.720,1:41.370,1:41.253
2023,4,norris,7,1:42.154,1:41.485,1:41.281
2023,4,tsunoda,8,1:42.234,1:41.569,1:41.581
2023,4,stroll,9,1:42.524,1:41.576,1:41.611
2023,4,piastri,10,1:42.455,1:41.636,1:41.611
2023,4,russell,11,1:42.073,1:41.654,
2023,4,ocon,12,1:42.622,1:41.798,
2023,4,albon,13,1:42.171,1:41.818,
2023,4,bottas,14,1:42.582,1:42.259,
2023,4,sargeant,15,1:42.242,1:42.395,
2023,4,zhou,16,1:42.642,,
2023,4,hulkenberg,17,1:42.755,,
2023,4,kevin_magnussen,18,1:43.417,,
2023,4,gasly,19,1:44.853,,
2023,4,de_vries,20,1:55.282,,
2023,5,perez,1,1:27.713,1:27.328,1:26.841
2023,5,alonso,2,1:28.179,1:27.097,1:27.202
2023,5,sainz,3,1:27.686,1:27.148,1:27.349
2023,5,kevin_magnussen,4,1:27.809,1:27.673,1:27.767
2023,5,gasly,5,1:28.061,1:27.612,1:27.786
2023,5,russell,6,1:28.086,1:27.743,1:27.804
2023,5,leclerc,7,1:27.713,1:26.964,1:27.861
2023,5,ocon,8,1:27.872,1:27.444,1:27.935
2023,5,max_verstappen,9,1:27.363,1:26.814,
2023,5,bottas,10,1:27.864,1:27.564,
2023,5,albon,11,1:28.234,1:27.795,
2023,5,hulkenberg,12,1:27.945,1:27.903,
2023,5,hamilton,13,1:27.846,1:27.975,
2023,5,zhou,14,1:28.180,1:28.091,
2023,5,de_vries,15,1:28.325,1:28.395,
2023,5,norris,16,1:28.394,,
2023,5,tsunoda,17,1:28.429,,
2023,5,stroll,18,1:28.476,,
2023,5,piastri,19,1:28.484,,
2023,5,sargeant,20,1:28.577,,
2023,6,max_verstappen,1,1:12.386,1:11.908,1:11.365
2023,6,alonso,2,1:12.886,1:12.107,1:11.449
2023,6,leclerc,3,1:12.912,1:12.103,1:11.471
2023,6,ocon,4,1:12.967,1:12.248,1:11.553
2023,6,sainz,5,1:12.717,1:12.210,1:11.630
2023,6,hamilton,6,1:12.872,1:12.156,1:11.725
2023,6,gasly,7,1:13.033,1:12.169,1:11.933
2023,6,russell,8,1:12.769,1:12.151,1:11.964
2023,6,tsunoda,9,1:12.642,1:12.249,1:12.082
2023,6,norris,10,1:12.877,1:12.377,1:12.254
2023,6,piastri,11,1:13.006,1:12.395,
2023,6,de_vries,12,1:13.054,1:12.428,
2023,6,albon,13,1:12.706,1:12.527,
2023,6,stroll,14,1:12.722,1:12.623,
2023,6,bottas,15,1:13.038,1:12.625,
2023,6,sargeant,16,1:13.113,,
2023,6,kevin_magnussen,17,1:13.270,,
2023,6,hulkenberg,18,1:13.279,,
2023,6,zhou,19,1:13.523,,
2023,6,perez,20,1:13.850,,
2023,7,max_verstappen,1,1:13.615,1:12.760,1:12.272
2023,7,sainz,2,1:13.411,1:12.790,1:12.734
2023,7,norris,3,1:13.295,1:12.776,1:12.792
2023,7,gasly,4,1:13.471,1:13.186,1:12.816
2023,7,hamilton,5,1:12.937,1:12.999,1:12.818
2023,7,stroll,6,1:13.766,1:13.082,1:12.994
2023,7,ocon,7,1:13.433,1:13.001,1:13.083
2023,7,hulkenberg,8,1:13.420,1:13.283,1:13.229
2023,7,alonso,9,1:13.747,1:13.098,1:13.507
2023,7,piastri,10,1:13.691,1:13.059,1:13.682
2023,7,perez,11,1:13.874,1:13.334,
2023,7,russell,12,1:13.326,1:13.447,
2023,7,zhou,13,1:13.677,1:13.521,
2023,7,de_vries,14,1:13.581,1:14.083,
2023,7,tsunoda,15,1:13.862,1:14.477,
2023,7,bottas,16,1:13.977,,
2023,7,kevin_magnussen,17,1:14.042,,
2023,7,albon,18,1:14.063,,
2023,7,leclerc,19,1:14.079,,
2023,7,sargeant,20,1:14.699,,
2023,8,max_verstappen,1,1:20.851,1:19.092,1:25.858
2023,8,hulkenberg,2,1:22.730,1:20.305,1:27.102
2023,8,alonso,3,1:21.481,1:19.776,1:27.286
2023,8,hamilton,4,1:21.554,1:20.426,1:27.627
2023,8,russell,5,1:21.798,1:20.098,1:27.893
2023,8,ocon,6,1:22.114,1:20.406,1:27.945
2023,8,norris,7,1:21.998,1:19.347,1:28.046
2023,8,sainz,8,1:22.248,1:19.856,1:29.294
2023,8,piastri,9,1:22.190,1:19.659,1:31.349
2023,8,albon,10,1:21.938,1:18.725,
2023,8,leclerc,11,1:21.843,1:20.615,
2023,8,perez,12,1:22.151,1:20.959,
2023,8,stroll,13,1:22.677,1:21.484,
2023,8,kevin_magnussen,14,1:22.351,1:21.678,
2023,8,bottas,15,1:22.332,1:21.821,
2023,8,tsunoda,16,1:22.746,,
2023,8,gasly,17,1:22.886,,
2023,8,de_vries,18,1:23.137,,
2023,8,sargeant,19,1:23.337,,
2023,8,zhou,20,1:23.342,,
2023,9,max_verstappen,1,1:05.116,1:04.951,1:04.391
2023,9,leclerc,2,1:05.577,1:05.087,1:04.439
2023,9,sainz,3,1:05.339,1:04.975,1:04.581
2023,9,norris,4,1:05.617,1:05.038,1:04.658
2023,9,hamilton,5,1:05.673,1:05.188,1:04.819
2023,9,stroll,6,1:05.710,1:05.121,1:04.893
2023,9,alonso,7,1:05.655,1:05.181,1:04.911
2023,9,hulkenberg,8,1:05.740,1:05.362,1:05.090
2023,9,gasly,9,1:05.515,1:05.308,1:05.170
2023,9,albon,10,1:05.673,1:05.387,1:05.823
2023,9,russell,11,1:05.686,1:05.428,
2023,9,ocon,12,1:05.729,1:05.453,
2023,9,piastri,13,1:05.683,1:05.605,
2023,9,bottas,14,1:05.763,1:05.680,
2023,9,perez,15,1:05.177,2:06.688,
2023,9,tsunoda,16,1:05.784,,
2023,9,zhou,17,1:05.818,,
2023,9,sargeant,18,1:05.948,,
2023,9,kevin_magnussen,19,1:05.971,,
2023,9,de_vries,20,1:05.974,,
2023,10,max_verstappen,1,1:29.428,1:27.702,1:26.720
2023,10,norris,2,1:28.917,1:28.042,1:26.961
2023,10,piastri,3,1:29.874,1:27.845,1:27.092
2023,10,leclerc,4,1:29.143,1:28.361,1:27.136
2023,10,sainz,5,1:29.865,1:28.265,1:27.148
2023,10,russell,6,1:29.412,1:28.782,1:27.155
2023,10,hamilton,7,1:29.415,1:28.545,1:27.211
2023,10,albon,8,1:29.466,1:28.067,1:27.530
2023,10,alonso,9,1:29.949,1:28.368,1:27.659
2023,10,gasly,10,1:29.533,1:28.751,1:27.689
2023,10,hulkenberg,11,1:29.603,1:28.896,
2023,10,stroll,12,1:29.448,1:28.935,
2023,10,ocon,13,1:29.700,1:28.956,
2023,10,sargeant,14,1:29.873,1:29.031,
2023,10,perez,15,1:29.968,,
2023,10,bottas,15,1:29.798,,
2023,10,tsunoda,16,1:30.025,,
2023,10,zhou,17,1:30.123,,
2023,10,de_vries,18,1:30.513,,
2023,10,kevin_magnussen,19,1:32.378,,
2023,11,hamilton,1,1:18.577,1:17.427,1:16.609
2023,11,max_verstappen,2,1:18.318,1:17.547,1:16.612
2023,11,norris,3,1:18.697,1:17.328,1:16.694
2023,11,piastri,4,1:18.464,1:17.571,1:16.905
2023,11,zhou,5,1:18.143,1:17.700,1:16.971
2023,11,leclerc,6,1:18.440,1:17.580,1:16.992
2023,11,bottas,7,1:18.775,1:17.563,1:17.034
2023,11,alonso,8,1:18.580,1:17.701,1:17.035
2023,11,perez,9,1:18.360,1:17.675,1:17.045
2023,11,hulkenberg,10,1:18.695,1:17.652,1:17.186
2023,11,sainz,11,1:18.393,1:17.703,
2023,11,ocon,12,1:18.854,1:17.841,
2023,11,ricciardo,13,1:18.906,1:18.002,
2023,11,stroll,14,1:18.782,1:18.144,
2023,11,gasly,15,1:18.743,1:18.217,
2023,11,albon,16,1:18.917,,
2023,11,tsunoda,17,1:18.919,,
2023,11,russell,18,1:19.027,,
2023,11,kevin_magnussen,19,1:19.206,,
2023,11,sargeant,20,1:19.248,,
2023,12,max_verstappen,1,1:58.515,1:52.784,1:46.168
2023,12,leclerc,2,1:58.300,1:52.017,1:46.988
2023,12,perez,3,1:58.899,1:52.353,1:47.045
2023,12,hamilton,4,1:58.563,1:52.345,1:47.087
2023,12,sainz,5,1:58.688,1:51.711,1:47.152
2023,12,piastri,6,1:58.872,1:51.534,1:47.365
2023,12,norris,7,1:59.981,1:52.252,1:47.669
2023,12,russell,8,1:59.035,1:52.605,1:47.805
2023,12,alonso,9,1:58.834,1:52.751,1:47.843
2023,12,stroll,10,1:59.663,1:52.193,1:48.841
2023,12,tsunoda,11,1:59.044,1:53.148,
2023,12,gasly,12,1:59.511,1:53.671,
2023,12,kevin_magnussen,13,2:00.020,1:54.160,
2023,12,bottas,14,1:59.484,1:54.694,
2023,12,ocon,15,1:59.634,1:56.372,
2023,12,albon,16,2:00.314,,
2023,12,zhou,17,2:00.832,,
2023,12,sargeant,18,2:01.535,,
2023,12,ricciardo,19,2:02.159,,
2023,12,hulkenberg,20,2:03.166,,
2023,13,max_verstappen,1,1:20.965,1:18.856,1:10.567
2023,13,norris,2,1:21.276,1:19.769,1:11.104
2023,13,russell,3,1:21.345,1:19.620,1:11.294
2023,13,albon,4,1:20.939,1:19.399,1:11.419
2023,13,alonso,5,1:21.840,1:19.429,1:11.506
2023,13,sainz,6,1:21.321,1:19.929,1:11.754
2023,13,perez,7,1:21.972,1:19.856,1:11.880
2023,13,piastri,8,1:21.231,1:19.392,1:11.938
2023,13,leclerc,9,1:22.019,1:19.600,1:12.665
2023,13,sargeant,10,1:22.036,1:20.067,1:16.748
2023,13,stroll,11,1:21.570,1:20.121,
2023,13,gasly,12,1:21.735,1:20.128,
2023,13,hamilton,13,1:21.919,1:20.151,
2023,13,tsunoda,14,1:21.781,1:20.230,
2023,13,hulkenberg,15,1:21.891,1:20.250,
2023,13,zhou,16,1:22.067,,
2023,13,ocon,17,1:22.110,,
2023,13,kevin_magnussen,18,1:22.192,,
2023,13,bottas,19,1:22.260,,
2023,13,lawson,20,1:23.420,,
2023,14,sainz,1,1:21.965,1:20.991,1:20.294
2023,14,max_verstappen,2,1:21.573,1:20.937,1:20.307
2023,14,leclerc,3,1:21.788,1:20.977,1:20.361
2023,14,russell,4,1:22.148,1:21.382,1:20.671
2023,14,perez,5,1:21.911,1:21.240,1:20.688
2023,14,albon,6,1:21.661,1:21.272,1:20.760
2023,14,piastri,7,1:22.106,1:21.527,1:20.785
2023,14,hamilton,8,1:21.977,1:21.369,1:20.820
2023,14,norris,9,1:21.995,1:21.581,1:20.979
2023,14,alonso,10,1:22.043,1:21.543,1:21.417
2023,14,tsunoda,11,1:21.852,1:21.594,
2023,14,lawson,12,1:22.112,1:21.758,
2023,14,hulkenberg,13,1:22.343,1:21.776,
2023,14,bottas,14,1:22.249,1:21.940,
2023,14,sargeant,15,1:21.930,1:21.944,
2023,14,zhou,16,1:22.390,,
2023,14,gasly,17,1:22.545,,
2023,14,ocon,18,1:22.548,,
2023,14,kevin_magnussen,19,1:22.592,,
2023,14,stroll,20,1:22.860,,
2023,15,sainz,1,1:32.339,1:31.439,1:30.984
2023,15,russell,2,1:32.331,1:31.743,1:31.056
2023,15,leclerc,3,1:32.406,1:32.012,1:31.063
2023,15,norris,4,1:32.483,1:31.951,1:31.270
2023,15,hamilton,5,1:32.651,1:32.019,1:31.485
2023,15,kevin_magnussen,6,1:32.242,1:31.892,1:31.575
2023,15,alonso,7,1:32.584,1:31.835,1:31.615
2023,15,ocon,8,1:32.369,1:32.089,1:31.673
2023,15,hulkenberg,9,1:32.100,1:31.994,1:31.808
2023,15,lawson,10,1:32.215,1:32.166,1:32.268
2023,15,max_verstappen,11,1:32.398,1:32.173,
2023,15,gasly,12,1:32.452,1:32.274,
2023,15,perez,13,1:32.099,1:32.310,
2023,15,albon,14,1:32.668,1:33.719,
2023,15,tsunoda,15,1:31.991,,
2023,15,bottas,16,1:32.809,,
2023,15,piastri,17,1:32.902,,
2023,15,sargeant,18,1:33.252,,
2023,15,zhou,19,1:33.258,,
2023,15,stroll,20,1:33.397,,
2023,16,max_verstappen,1,1:29.878,1:29.964,1:28.877
2023,16,piastri,2,1:30.439,1:30.122,1:29.458
2023,16,norris,3,1:30.063,1:30.296,1:29.493
2023,16,leclerc,4,1:30.393,1:29.940,1:29.542
2023,16,perez,5,1:30.652,1:29.965,1:29.650
2023,16,sainz,6,1:30.651,1:30.067,1:29.850
2023,16,hamilton,7,1:30.811,1:30.040,1:29.908
2023,16,russell,8,1:30.811,1:30.268,1:30.219
2023,16,tsunoda,9,1:30.733,1:30.204,1:30.303
2023,16,alonso,10,1:30.971,1:30.465,1:30.560
2023,16,lawson,11,1:30.425,1:30.508,
2023,16,gasly,12,1:30.843,1:30.509,
2023,16,albon,13,1:30.941,1:30.537,
2023,16,ocon,14,1:30.960,1:30.586,
2023,16,kevin_magnussen,15,1:30.976,1:30.665,
2023,16,bottas,16,1:31.049,,
2023,16,stroll,17,1:31.181,,
2023,16,hulkenberg,18,1:31.299,,
2023,16,zhou,19,1:31.398,,
2023,16,sargeant,20,,,
2023,17,max_verstappen,1,1:25.007,1:24.483,1:23.778
2023,17,russell,2,1:25.334,1:24.827,1:24.219
2023,17,hamilton,3,1:26.076,1:24.381,1:24.305
2023,17,alonso,4,1:25.223,1:25.241,1:24.369
2023,17,leclerc,5,1:25.452,1:25.079,1:24.424
2023,17,piastri,6,1:25.266,1:24.724,1:24.540
2023,17,gasly,7,1:25.566,1:24.918,1:24.553
2023,17,ocon,8,1:25.711,1:24.928,1:24.763
2023,17,bottas,9,1:26.038,1:25.297,1:25.058
2023,17,norris,10,1:25.131,1:24.685,
2023,17,tsunoda,11,1:26.058,1:25.301,
2023,17,sainz,12,1:25.808,1:25.328,
2023,17,perez,13,1:25.991,1:25.462,
2023,17,albon,14,1:26.118,1:25.707,
2023,17,hulkenberg,15,1:25.904,1:25.783,
2023,17,sargeant,16,1:26.210,,
2023,17,stroll,17,1:26.345,,
2023,17,lawson,18,1:26.635,,
2023,17,kevin_magnussen,19,1:27.046,,
2023,17,zhou,20,1:27.432,,
2023,18,leclerc,1,1:36.061,1:35.004,1:34.723
2023,18,norris,2,1:35.110,1:35.441,1:34.853
2023,18,hamilton,3,1:35.091,1:35.240,1:34.862
2023,18,sainz,4,1:35.824,1:35.302,1:34.945
2023,18,russell,5,1:36.165,1:35.606,1:35.079
2023,18,max_verstappen,6,1:35.346,1:35.008,1:35.081
2023,18,gasly,7,1:36.158,1:35.496,1:35.089
2023,18,ocon,8,1:36.131,1:35.413,1:35.154
2023,18,perez,9,1:35.989,1:35.679,1:35.173
2023,18,piastri,10,1:36.064,1:35.576,1:35.467
2023,18,tsunoda,11,1:35.913,1:35.697,
2023,18,zhou,12,1:36.052,1:35.698,
2023,18,bottas,13,1:36.082,1:35.858,
2023,18,kevin_magnussen,14,1:36.009,1:35.880,
2023,18,ricciardo,15,1:36.213,1:35.974,
2023,18,hulkenberg,16,1:36.235,,
2023,18,alonso,17,1:36.268,,
2023,18,albon,18,1:36.315,,
2023,18,stroll,19,1:36.589,,
2023,18,sargeant,20,1:36.827,,
2023,19,leclerc,1,1:18.401,1:17.901,1:17.166
2023,19,sainz,2,1:18.755,1:18.382,1:17.233
2023,19,max_verstappen,3,1:18.099,1:17.625,1:17.263
2023,19,ricciardo,4,1:18.341,1:17.706,1:17.382
2023,19,perez,5,1:18.553,1:18.124,1:17.423
2023,19,hamilton,6,1:18.677,1:17.571,1:17.454
2023,19,piastri,7,1:18.241,1:17.874,1:17.623
2023,19,russell,8,1:18.893,1:17.673,1:17.674
2023,19,bottas,9,1:18.429,1:18.016,1:18.032
2023,19,zhou,10,1:19.016,1:18.440,1:18.050
2023,19,gasly,11,1:18.945,1:18.521,
2023,19,hulkenberg,12,1:18.969,1:18.524,
2023,19,alonso,13,1:18.848,1:18.738,
2023,19,albon,14,1:18.828,1:19.147,
2023,19,tsunoda,15,1:18.890,,
2023,19,ocon,16,1:19.080,,
2023,19,kevin_magnussen,17,1:19.163,,
2023,19,stroll,18,1:19.227,,
2023,19,norris,19,1:21.554,,
2023,19,sargeant,20,,,
2023,20,max_verstappen,1,1:10.436,1:10.162,1:10.727
2023,20,leclerc,2,1:10.472,1:10.303,1:11.021
2023,20,stroll,3,1:10.551,1:10.375,1:11.344
2023,20,alonso,4,1:10.557,1:10.237,1:11.387
2023,20,hamilton,5,1:10.604,1:10.266,1:11.469
2023,20,russell,6,1:10.340,1:10.316,1:11.590
2023,20,norris,7,1:10.623,1:10.021,1:11.987
2023,20,sainz,8,1:10.624,1:10.254,1:11.989
2023,20,perez,9,1:10.668,1:10.219,1:12.321
2023,20,piastri,10,1:10.519,1:10.330,
2023,20,hulkenberg,11,1:10.475,1:10.547,
2023,20,ocon,12,1:10.763,1:10.562,
2023,20,gasly,13,1:10.793,1:10.567,
2023,20,kevin_magnussen,14,1:10.602,1:10.723,
2023,20,albon,15,1:10.621,1:10.840,
2023,20,tsunoda,16,1:10.837,,
2023,20,ricciardo,17,1:10.843,,
2023,20,bottas,18,1:10.955,,
2023,20,sargeant,19,1:11.035,,
2023,20,zhou,20,1:11.275,,
2023,21,leclerc,1,1:33.617,1:32.775,1:32.726
2023,21,sainz,2,1:33.851,1:33.338,1:32.770
2023,21,max_verstappen,3,1:34.190,1:33.572,1:33.104
2023,21,russell,4,1:34.137,1:33.351,1:33.112
2023,21,gasly,5,1:34.272,1:33.494,1:33.239
2023,21,albon,6,1:34.634,1:33.588,1:33.323
2023,21,sargeant,7,1:34.525,1:33.733,1:33.513
2023,21,bottas,8,1:34.305,1:33.809,1:33.525
2023,21,kevin_magnussen,9,1:34.337,1:33.664,1:33.537
2023,21,alonso,10,1:34.422,1:33.617,1:33.555
2023,21,hamilton,11,1:34.307,1:33.837,
2023,21,perez,12,1:34.574,1:33.855,
2023,21,hulkenberg,13,1:34.265,1:33.979,
2023,21,stroll,14,1:34.504,1:34.199,
2023,21,ricciardo,15,1:34.683,1:34.308,
2023,21,norris,16,1:34.703,,
2023,21,ocon,17,1:34.834,,
2023,21,zhou,18,1:34.849,,
2023,21,piastri,19,1:34.850,,
2023,21,tsunoda,20,1:36.447,,
2023,22,max_verstappen,1,1:24.160,1:23.740,1:23.445
2023,22,leclerc,2,1:24.459,1:23.969,1:23.584
2023,22,piastri,3,1:24.487,1:24.278,1:23.782
2023,22,russell,4,1:24.337,1:24.013,1:23.788
2023,22,norris,5,1:24.368,1:23.920,1:23.816
2023,22,tsunoda,6,1:24.286,1:24.207,1:23.968
2023,22,alonso,7,1:24.501,1:24.131,1:24.084
2023,22,hulkenberg,8,1:24.425,1:24.213,1:24.108
2023,22,perez,9,1:24.209,1:24.116,1:24.171
2023,22,gasly,10,1:24.600,1:24.078,1:24.548
2023,22,hamilton,11,1:24.437,1:24.359,
2023,22,ocon,12,1:24.565,1:24.391,
2023,22,stroll,13,1:24.405,1:24.422,
2023,22,albon,14,1:24.298,1:24.439,
2023,22,ricciardo,15,1:24.461,1:24.442,
2023,22,sainz,16,1:24.738,,
2023,22,kevin_magnussen,17,1:24.764,,
2023,22,bottas,18,1:24.788,,
2023,22,zhou,19,1:25.159,,
2023,22,sargeant,20,,,
2024,1,max_verstappen,1,1:30.031,1:29.374,1:29.179
2024,1,leclerc,2,1:30.243,1:29.165,1:29.407
2024,1,russell,3,1:30.350,1:29.922,1:29.485
2024,1,sainz,4,1:29.909,1:29.573,1:29.507
2024,1,perez,5,1:30.221,1:29.932,1:29.537
2024,1,alonso,6,1:30.179,1:29.801,1:29.542
2024,1,norris,7,1:30.143,1:29.941,1:29.614
2024,1,piastri,8,1:30.531,1:30.122,1:29.683
2024,1,hamilton,9,1:30.451,1:29.718,1:29.710
2024,1,hulkenberg,10,1:30.566,1:29.851,1:30.502
2024,1,tsunoda,11,1:30.481,1:30.129,
2024,1,stroll,12,1:29.965,1:30.200,
2024,1,albon,13,1:30.397,1:30.221,
2024,1,ricciardo,14,1:30.562,1:30.278,
2024,1,kevin_magnussen,15,1:30.646,1:30.529,
2024,1,bottas,16,1:30.756,,
2024,1,zhou,17,1:30.757,,
2024,1,sargeant,18,1:30.770,,
2024,1,ocon,19,1:30.793,,
2024,1,gasly,20,1:30.948,,
2024,2,max_verstappen,1,1:28.171,1:28.033,1:27.472
2024,2,leclerc,2,1:28.318,1:28.112,1:27.791
2024,2,perez,3,1:28.638,1:28.467,1:27.807
2024,2,alonso,4,1:28.706,1:28.122,1:27.846
2024,2,piastri,5,1:28.755,1:28.343,1:28.089
2024,2,norris,6,1:28.805,1:28.479,1:28.132
2024,2,russell,7,1:28.749,1:28.448,1:28.316
2024,2,hamilton,8,1:28.994,1:28.606,1:28.460
2024,2,tsunoda,9,1:28.988,1:28.564,1:28.547
2024,2,stroll,10,1:28.250,1:28.578,1:28.572
2024,2,bearman,11,1:28.984,1:28.642,
2024,2,albon,12,1:29.107,1:28.980,
2024,2,kevin_magnussen,13,1:29.069,1:29.020,
2024,2,ricciardo,14,1:29.065,1:29.025,
2024,2,hulkenberg,15,1:29.055,,
2024,2,bottas,16,1:29.179,,
2024,2,ocon,17,1:29.475,,
2024,2,gasly,18,1:29.479,,
2024,2,sargeant,19,1:29.526,,
2024,2,zhou,20,,,
2024,3,max_verstappen,1,1:16.819,1:16.387,1:15.915
2024,3,sainz,2,1:16.731,1:16.189,1:16.185
2024,3,perez,3,1:16.805,1:16.631,1:16.274
2024,3,norris,4,1:17.430,1:16.750,1:16.315
2024,3,leclerc,5,1:16.984,1:16.304,1:16.435
2024,3,piastri,6,1:17.369,1:16.601,1:16.572
2024,3,russell,7,1:17.062,1:16.901,1:16.724
2024,3,tsunoda,8,1:17.356,1:16.791,1:16.788
2024,3,stroll,9,1:17.376,1:16.780,1:17.072
2024,3,alonso,10,1:16.991,1:16.710,1:17.552
2024,3,hamilton,11,1:17.499,1:16.960,
2024,3,albon,12,1:17.130,1:17.167,
2024,3,bottas,13,1:17.543,1:17.340,
2024,3,kevin_magnussen,14,1:17.709,1:17.427,
2024,3,ocon,15,1:17.617,1:17.697,
2024,3,hulkenberg,16,1:17.976,,
2024,3,gasly,17,1:17.982,,
2024,3,ricciardo,18,1:18.085,,
2024,3,zhou,19,1:18.188,,
2024,4,max_verstappen,1,1:28.866,1:28.740,1:28.197
2024,4,perez,2,1:29.303,1:28.752,1:28.263
2024,4,norris,3,1:29.536,1:28.940,1:28.489
2024,4,sainz,4,1:29.513,1:29.099,1:28.682
2024,4,alonso,5,1:29.254,1:29.082,1:28.686
2024,4,piastri,6,1:29.425,1:29.148,1:28.760
2024,4,hamilton,7,1:29.661,1:28.887,1:28.766
2024,4,leclerc,8,1:29.338,1:29.196,1:28.786
2024,4,russell,9,1:29.799,1:29.140,1:29.008
2024,4,tsunoda,10,1:29.775,1:29.417,1:29.413
2024,4,ricciardo,11,1:29.727,1:29.472,
2024,4,hulkenberg,12,1:29.821,1:29.494,
2024,4,bottas,13,1:29.602,1:29.593,
2024,4,albon,14,1:29.963,1:29.714,
2024,4,ocon,15,1:29.811,1:29.816,
2024,4,stroll,16,1:30.024,,
2024,4,gasly,17,1:30.119,,
2024,4,kevin_magnussen,18,1:30.131,,
2024,4,sargeant,19,1:30.139,,
2024,4,zhou,20,1:30.143,,
2024,5,max_verstappen,1,1:34.742,1:33.794,1:33.660
2024,5,perez,2,1:35.457,1:34.026,1:33.982
2024,5,alonso,3,1:35.116,1:34.652,1:34.148
2024,5,norris,4,1:34.842,1:34.460,1:34.165
2024,5,piastri,5,1:35.014,1:34.659,1:34.273
2024,5,leclerc,6,1:34.797,1:34.399,1:34.289
2024,5,sainz,7,1:34.970,1:34.368,1:34.297
2024,5,russell,8,1:35.084,1:34.609,1:34.433
2024,5,hulkenberg,9,1:35.068,1:34.667,1:34.604
2024,5,bottas,10,1:35.169,1:34.769,1:34.665
2024,5,stroll,11,1:35.334,1:34.838,
2024,5,ricciardo,12,1:35.443,1:34.934,
2024,5,ocon,13,1:35.356,1:35.223,
2024,5,albon,14,1:35.384,1:35.241,
2024,5,gasly,15,1:35.287,1:35.463,
2024,5,zhou,16,1:35.505,,
2024,5,kevin_magnussen,17,1:35.516,,
2024,5,hamilton,18,1:35.573,,
2024,5,tsunoda,19,1:35.746,,
2024,5,sargeant,20,1:36.358,,
2024,6,max_verstappen,1,1:27.689,1:27.566,1:27.241
2024,6,leclerc,2,1:28.081,1:27.533,1:27.382
2024,6,sainz,3,1:27.937,1:27.941,1:27.455
2024,6,perez,4,1:27.772,1:27.839,1:27.460
2024,6,norris,5,1:27.913,1:27.871,1:27.594
2024,6,piastri,6,1:28.032,1:27.721,1:27.675
2024,6,russell,7,1:28.159,1:28.095,1:28.067
2024,6,hamilton,8,1:28.167,1:27.697,1:28.107
2024,6,hulkenberg,9,1:28.383,1:28.200,1:28.146
2024,6,tsunoda,10,1:28.324,1:28.167,1:28.192
2024,6,stroll,11,1:28.177,1:28.222,
2024,6,gasly,12,1:27.976,1:28.324,
2024,6,ocon,13,1:28.209,1:28.371,
2024,6,albon,14,1:28.343,1:28.413,
2024,6,alonso,15,1:28.453,1:28.427,
2024,6,bottas,16,1:28.463,,
2024,6,sargeant,17,1:28.487,,
2024,6,ricciardo,18,1:28.617,,
2024,6,kevin_magnussen,19,1:28.619,,
2024,6,zhou,20,1:28.824,,
2024,7,max_verstappen,1,1:15.762,1:15.176,1:14.746
2024,7,piastri,2,1:15.940,1:15.407,1:14.820
2024,7,norris,3,1:15.915,1:15.371,1:14.837
2024,7,leclerc,4,1:15.823,1:15.328,1:14.970
2024,7,sainz,5,1:16.015,1:15.512,1:15.233
2024,7,russell,6,1:16.107,1:15.671,1:15.234
2024,7,tsunoda,7,1:15.894,1:15.358,1:15.465
2024,7,hamilton,8,1:16.604,1:15.677,1:15.504
2024,7,ricciardo,9,1:16.060,1:15.691,1:15.674
2024,7,hulkenberg,10,1:15.841,1:15.569,1:15.980
2024,7,perez,11,1:16.404,1:15.706,
2024,7,ocon,12,1:16.361,1:15.906,
2024,7,stroll,13,1:16.458,1:15.992,
2024,7,albon,14,1:16.524,1:16.200,
2024,7,gasly,15,1:16.015,1:16.381,
2024,7,bottas,16,1:16.626,,
2024,7,zhou,17,1:16.834,,
2024,7,kevin_magnussen,18,1:16.854,,
2024,7,alonso,19,1:16.917,,
2024,7,sargeant,20,,,
2024,8,leclerc,1,1:11.584,1:10.825,1:10.270
2024,8,piastri,2,1:11.500,1:10.756,1:10.424
2024,8,sainz,3,1:11.543,1:11.075,1:10.518
2024,8,norris,4,1:11.760,1:10.732,1:10.542
2024,8,russell,5,1:11.492,1:10.929,1:10.543
2024,8,max_verstappen,6,1:11.711,1:10.745,1:10.567
2024,8,hamilton,7,1:11.528,1:11.056,1:10.621
2024,8,tsunoda,8,1:11.852,1:11.106,1:10.858
2024,8,albon,9,1:11.623,1:11.216,1:10.948
2024,8,gasly,10,1:11.714,1:10.896,1:11.311
2024,8,ocon,11,1:11.887,1:11.285,
2024,8,ricciardo,12,1:11.785,1:11.482,
2024,8,stroll,13,1:11.728,1:11.563,
2024,8,alonso,14,1:12.019,,
2024,8,hulkenberg,14,1:11.876,1:11.440,
2024,8,sargeant,15,1:12.020,,
2024,8,kevin_magnussen,15,1:11.832,1:11.725,
2024,8,perez,16,1:12.060,,
2024,8,bottas,17,1:12.512,,
2024,8,zhou,18,1:13.028,,
2024,9,russell,1,1:13.013,1:11.742,1:12.000
2024,9,max_verstappen,2,1:12.360,1:12.549,1:12.000
2024,9,norris,3,1:12.959,1:12.201,1:12.021
2024,9,piastri,4,1:12.907,1:12.462,1:12.103
2024,9,ricciardo,5,1:13.240,1:12.572,1:12.178
2024,9,alonso,6,1:13.117,1:12.635,1:12.228
2024,9,hamilton,7,1:12.851,1:11.979,1:12.280
2024,9,tsunoda,8,1:12.748,1:12.303,1:12.414
2024,9,stroll,9,1:13.088,1:12.659,1:12.701
2024,9,albon,10,1:12.896,1:12.485,1:12.796
2024,9,leclerc,11,1:13.107,1:12.691,
2024,9,sainz,12,1:13.038,1:12.728,
2024,9,sargeant,13,1:13.063,1:12.736,
2024,9,kevin_magnussen,14,1:13.217,1:12.916,
2024,9,gasly,15,1:13.289,1:12.940,
2024,9,perez,16,1:13.326,,
2024,9,bottas,17,1:13.366,,
2024,9,ocon,18,1:13.435,,
2024,9,hulkenberg,19,1:13.978,,
2024,9,zhou,20,1:14.292,,
2024,10,norris,1,1:12.386,1:11.872,1:11.383
2024,10,max_verstappen,2,1:12.306,1:11.653,1:11.403
2024,10,hamilton,3,1:12.143,1:11.792,1:11.701
2024,10,russell,4,1:12.456,1:11.812,1:11.703
2024,10,leclerc,5,1:12.257,1:12.038,1:11.731
2024,10,sainz,6,1:12.403,1:11.874,1:11.736
2024,10,gasly,7,1:12.651,1:12.079,1:11.857
2024,10,perez,8,1:12.477,1:12.054,1:12.061
2024,10,ocon,9,1:12.691,1:12.109,1:12.125
2024,10,piastri,10,1:12.460,1:12.011,
2024,10,alonso,11,1:12.505,1:12.128,
2024,10,bottas,12,1:12.758,1:12.227,
2024,10,hulkenberg,13,1:12.708,1:12.310,
2024,10,stroll,14,1:12.881,1:12.372,
2024,10,zhou,15,1:12.880,1:12.738,
2024,10,kevin_magnussen,16,1:12.937,,
2024,10,tsunoda,17,1:12.985,,
2024,10,ricciardo,18,1:13.075,,
2024,10,albon,19,1:13.153,,
2024,10,sargeant,20,1:13.509,,
2024,11,max_verstappen,1,1:05.336,1:04.469,1:04.314
2024,11,norris,2,1:05.450,1:05.103,1:04.718
2024,11,russell,3,1:05.585,1:05.016,1:04.840
2024,11,sainz,4,1:05.263,1:05.016,1:04.851
2024,11,hamilton,5,1:05.541,1:05.053,1:04.903
2024,11,leclerc,6,1:05.509,1:05.104,1:05.044
2024,11,piastri,7,1:05.311,1:05.070,1:05.048
2024,11,perez,8,1:05.587,1:05.144,1:05.202
2024,11,hulkenberg,9,1:05.596,1:05.262,1:05.385
2024,11,ocon,10,1:05.574,1:05.274,1:05.883
2024,11,ricciardo,11,1:05.569,1:05.289,
2024,11,kevin_magnussen,12,1:05.508,1:05.347,
2024,11,gasly,13,1:05.598,1:05.359,
2024,11,tsunoda,14,1:05.563,1:05.412,
2024,11,alonso,15,1:05.656,1:05.639,
2024,11,albon,16,1:05.736,,
2024,11,stroll,17,1:05.819,,
2024,11,bottas,18,1:05.847,,
2024,11,sargeant,19,1:05.856,,
2024,11,zhou,20,1:06.061,,
2024,12,russell,1,1:30.106,1:26.723,1:25.819
2024,12,hamilton,2,1:29.547,1:26.770,1:25.990
2024,12,norris,3,1:31.596,1:26.559,1:26.030
2024,12,max_verstappen,4,1:31.342,1:26.796,1:26.203
2024,12,piastri,5,1:30.895,1:26.733,1:26.237
2024,12,hulkenberg,6,1:31.929,1:26.847,1:26.338
2024,12,sainz,7,1:30.557,1:26.843,1:26.509
2024,12,stroll,8,1:31.410,1:26.938,1:26.585
2024,12,albon,9,1:31.135,1:26.933,1:26.640
2024,12,alonso,10,1:31.264,1:26.730,1:26.917
2024,12,leclerc,11,1:30.496,1:27.097,
2024,12,sargeant,12,1:31.608,1:27.175,
2024,12,tsunoda,13,1:30.994,1:27.269,
2024,12,zhou,14,1:31.190,1:27.867,
2024,12,ricciardo,15,1:31.291,1:27.949,
2024,12,bottas,16,1:32.431,,
2024,12,kevin_magnussen,17,1:32.905,,
2024,12,ocon,18,1:34.557,,
2024,12,perez,19,1:38.348,,
2024,12,gasly,20,1:39.804,,
2024,13,norris,1,1:17.755,1:15.540,1:15.227
2024,13,piastri,2,1:17.504,1:15.785,1:15.249
2024,13,max_verstappen,3,1:17.087,1:15.770,1:15.273
2024,13,sainz,4,1:17.244,1:15.885,1:15.696
2024,13,hamilton,5,1:17.087,1:16.307,1:15.854
2024,13,leclerc,6,1:17.437,1:15.891,1:15.905
2024,13,alonso,7,1:17.624,1:16.117,1:16.043
2024,13,stroll,8,1:17.405,1:16.075,1:16.244
2024,13,ricciardo,9,1:17.050,1:16.202,1:16.447
2024,13,tsunoda,10,1:17.436,1:16.121,1:16.477
2024,13,hulkenberg,11,1:17.362,1:16.317,
2024,13,bottas,12,1:17.487,1:16.384,
2024,13,albon,13,1:17.280,1:16.429,
2024,13,sargeant,14,1:17.770,1:16.543,
2024,13,kevin_magnussen,15,1:17.851,1:16.548,
2024,13,perez,16,1:17.886,,
2024,13,russell,17,1:17.968,,
2024,13,zhou,18,1:18.037,,
2024,13,ocon,19,1:18.049,,
2024,13,gasly,20,1:18.166,,
2024,14,max_verstappen,1,1:54.938,1:53.837,1:53.159
2024,14,leclerc,2,1:55.349,1:54.193,1:53.754
2024,14,perez,3,1:55.139,1:54.470,1:53.765
2024,14,hamilton,4,1:55.692,1:54.037,1:53.835
2024,14,norris,5,1:55.582,1:54.358,1:53.981
2024,14,piastri,6,1:54.835,1:54.136,1:54.027
2024,14,russell,7,1:55.353,1:54.095,1:54.184
2024,14,sainz,8,1:55.169,1:54.112,1:54.477
2024,14,alonso,9,1:55.489,1:54.258,1:54.765
2024,14,ocon,10,1:55.417,1:54.460,1:54.810
2024,14,albon,11,1:55.722,1:54.473,
2024,14,gasly,12,1:54.911,1:54.635,
2024,14,ricciardo,13,1:55.451,1:54.682,
2024,14,bottas,14,1:55.531,1:54.764,
2024,14,stroll,15,1:56.072,1:55.716,
2024,14,hulkenberg,16,1:56.308,,
2024,14,kevin_magnussen,17,1:56.500,,
2024,14,tsunoda,18,1:56.593,,
2024,14,sargeant,19,1:57.230,,
2024,14,zhou,20,1:57.775,,
2024,15,norris,1,1:11.377,1:10.496,1:09.673
2024,15,max_verstappen,2,1:11.393,1:10.811,1:10.029
2024,15,piastri,3,1:11.541,1:10.505,1:10.172
2024,15,russell,4,1:11.049,1:10.552,1:10.244
2024,15,perez,5,1:11.006,1:10.678,1:10.416
2024,15,leclerc,6,1:11.370,1:10.689,1:10.582
2024,15,alonso,7,1:11.493,1:10.845,1:10.633
2024,15,stroll,8,1:11.518,1:10.661,1:10.857
2024,15,gasly,9,1:11.718,1:10.815,1:10.977
2024,15,sainz,10,1:11.327,1:10.914,
2024,15,albon,10,,1:10.768,1:10.653
2024,15,hamilton,11,1:11.375,1:10.948,
2024,15,tsunoda,12,1:11.603,1:10.955,
2024,15,hulkenberg,13,1:11.832,1:11.215,
2024,15,kevin_magnussen,14,1:11.630,1:11.295,
2024,15,ricciardo,15,1:11.943,,
2024,15,ocon,16,1:11.995,,
2024,15,bottas,17,1:12.168,,
2024,15,zhou,18,1:13.261,,
2024,15,sargeant,20,,,
2024,16,norris,1,1:19.911,1:19.727,1:19.327
2024,16,piastri,2,1:20.076,1:19.808,1:19.436
2024,16,russell,3,1:20.169,1:19.877,1:19.440
2024,16,leclerc,4,1:20.074,1:20.007,1:19.461
2024,16,sainz,5,1:20.149,1:19.799,1:19.467
2024,16,hamilton,6,1:20.477,1:19.641,1:19.513
2024,16,max_verstappen,7,1:20.226,1:19.662,1:20.022
2024,16,perez,8,1:20.598,1:20.216,1:20.062
2024,16,albon,9,1:20.542,1:20.314,1:20.299
2024,16,hulkenberg,10,1:20.781,1:20.411,1:20.339
2024,16,alonso,11,1:20.617,1:20.421,
2024,16,ricciardo,12,1:20.901,1:20.479,
2024,16,kevin_magnussen,13,1:20.856,1:20.698,
2024,16,gasly,14,1:20.748,1:20.738,
2024,16,ocon,15,1:20.764,1:20.766,
2024,16,tsunoda,16,1:20.945,,
2024,16,stroll,17,1:21.013,,
2024,16,colapinto,18,1:21.061,,
2024,16,bottas,19,1:21.101,,
2024,16,zhou,20,1:21.445,,
2024,17,leclerc,1,1:42.775,1:42.056,1:41.365
2024,17,piastri,2,1:43.033,1:42.598,1:41.686
2024,17,sainz,3,1:43.357,1:42.503,1:41.805
2024,17,perez,4,1:43.213,1:42.263,1:41.813
2024,17,russell,5,1:43.139,1:42.329,1:41.874
2024,17,max_verstappen,6,1:43.097,1:42.042,1:42.023
2024,17,hamilton,7,1:43.089,1:42.765,1:42.289
2024,17,alonso,8,1:43.472,1:42.426,1:42.369
2024,17,colapinto,9,1:43.138,1:42.473,1:42.530
2024,17,albon,10,1:42.899,1:42.840,1:42.859
2024,17,bearman,11,1:43.471,1:42.968,
2024,17,tsunoda,12,1:43.337,1:43.035,
2024,17,hulkenberg,13,1:43.101,1:43.191,
2024,17,stroll,14,1:43.370,1:43.404,
2024,17,gasly,15,,1:43.179,
2024,17,ricciardo,15,1:43.547,,
2024,17,norris,16,1:43.609,,
2024,17,bottas,17,1:43.618,,
2024,17,zhou,18,1:44.246,,
2024,17,ocon,19,1:44.504,,
2024,18,norris,1,1:30.002,1:30.007,1:29.525
2024,18,max_verstappen,2,1:30.157,1:29.680,1:29.728
2024,18,hamilton,3,1:30.393,1:29.929,1:29.841
2024,18,russell,4,1:30.811,1:30.153,1:29.867
2024,18,piastri,5,1:30.258,1:29.640,1:29.953
2024,18,hulkenberg,6,1:30.724,1:30.150,1:30.115
2024,18,alonso,7,1:30.684,1:30.450,1:30.214
2024,18,tsunoda,8,1:30.716,1:30.289,1:30.354
2024,18,leclerc,9,1:30.786,1:29.747,
2024,18,sainz,10,1:30.670,1:30.108,
2024,18,albon,11,1:30.679,1:30.474,
2024,18,colapinto,12,1:30.704,1:30.481,
2024,18,perez,13,1:30.624,1:30.579,
2024,18,kevin_magnussen,14,1:30.829,1:30.653,
2024,18,ocon,15,1:30.958,1:30.769,
2024,18,ricciardo,16,1:31.085,,
2024,18,stroll,17,1:31.094,,
2024,18,gasly,18,1:31.312,,
2024,18,bottas,19,1:31.572,,
2024,18,zhou,20,1:32.054,,
2024,19,norris,1,1:33.616,1:32.851,1:32.330
2024,19,max_verstappen,2,1:33.046,1:32.584,1:32.361
2024,19,sainz,3,1:33.556,1:32.836,1:32.652
2024,19,leclerc,4,1:33.241,1:32.962,1:32.740
2024,19,piastri,5,1:33.864,1:33.057,1:32.950
2024,19,russell,6,1:33.536,1:33.142,1:32.974
2024,19,gasly,7,1:33.550,1:33.162,1:33.018
2024,19,alonso,8,1:33.973,1:33.429,1:33.309
2024,19,kevin_magnussen,9,1:33.564,1:33.474,1:33.481
2024,19,perez,10,1:33.611,1:33.020,
2024,19,tsunoda,11,1:33.795,1:33.506,
2024,19,hulkenberg,12,1:33.601,1:33.544,
2024,19,ocon,13,1:33.986,1:33.597,
2024,19,stroll,14,1:34.033,1:33.759,
2024,19,lawson,15,1:33.339,,
2024,19,albon,16,1:34.051,,
2024,19,colapinto,17,1:34.062,,
2024,19,bottas,18,1:34.152,,
2024,19,hamilton,19,1:34.154,,
2024,19,zhou,20,1:34.228,,
2024,20,sainz,1,1:16.778,1:16.515,1:15.946
2024,20,max_verstappen,2,1:16.803,1:16.514,1:16.171
2024,20,norris,3,1:16.505,1:16.301,1:16.260
2024,20,leclerc,4,1:16.972,1:16.641,1:16.265
2024,20,russell,5,1:17.194,1:16.937,1:16.356
2024,20,hamilton,6,1:17.306,1:16.973,1:16.651
2024,20,kevin_magnussen,7,1:17.125,1:17.003,1:16.886
2024,20,gasly,8,1:17.149,1:17.048,1:16.892
2024,20,albon,9,1:17.189,1:16.988,1:17.065
2024,20,hulkenberg,10,1:17.186,1:16.995,1:17.365
2024,20,tsunoda,11,1:17.182,1:17.129,
2024,20,lawson,12,1:17.380,1:17.162,
2024,20,alonso,13,1:17.307,1:17.168,
2024,20,stroll,14,1:17.407,1:17.294,
2024,20,bottas,15,1:17.393,1:17.817,
2024,20,colapinto,16,1:17.558,,
2024,20,piastri,17,1:17.597,,
2024,20,perez,18,1:17.611,,
2024,20,ocon,19,1:17.617,,
2024,20,zhou,20,1:18.072,,
2024,21,norris,1,1:30.944,1:24.844,1:23.405
2024,21,russell,2,1:29.121,1:26.307,1:23.578
2024,21,tsunoda,3,1:29.172,1:26.464,1:24.111
2024,21,ocon,4,1:29.171,1:26.206,1:24.475
2024,21,lawson,5,1:30.758,1:25.654,1:24.484
2024,21,leclerc,6,1:29.839,1:26.097,1:24.525
2024,21,albon,7,1:29.072,1:24.657,1:24.657
2024,21,piastri,8,1:30.114,1:24.686,1:24.686
2024,21,alonso,9,1:30.207,1:28.998,1:28.998
2024,21,stroll,10,1:30.580,1:26.334,
2024,21,bottas,11,1:30.633,1:26.472,
2024,21,max_verstappen,12,1:28.522,1:27.771,
2024,21,perez,13,1:30.035,1:28.158,
2024,21,sainz,14,1:30.303,1:29.406,
2024,21,gasly,15,1:29.420,1:29.614,
2024,21,hamilton,16,1:31.150,,
2024,21,bearman,17,1:31.229,,
2024,21,colapinto,18,1:31.270,,
2024,21,hulkenberg,19,1:31.623,,
2024,21,zhou,20,1:32.263,,
2024,22,russell,1,1:33.186,1:32.779,1:32.312
2024,22,sainz,2,1:33.484,1:32.711,1:32.410
2024,22,gasly,3,1:33.691,1:32.879,1:32.664
2024,22,leclerc,4,1:33.446,1:33.016,1:32.783
2024,22,max_verstappen,5,1:33.299,1:33.085,1:32.797
2024,22,norris,6,1:33.592,1:33.099,1:33.008
2024,22,tsunoda,7,1:33.789,1:33.089,1:33.029
2024,22,piastri,8,1:33.450,1:33.024,1:33.033
2024,22,hulkenberg,9,1:33.920,1:33.114,1:33.062
2024,22,hamilton,10,1:33.225,1:32.567,1:48.106
2024,22,ocon,11,1:33.968,1:33.221,
2024,22,kevin_magnussen,12,1:33.991,1:33.297,
2024,22,zhou,13,1:34.079,1:33.566,
2024,22,colapinto,14,1:33.746,1:33.749,
2024,22,lawson,15,1:34.087,1:34.257,
2024,22,perez,16,1:34.155,,
2024,22,alonso,17,1:34.258,,
2024,22,albon,18,1:34.425,,
2024,22,bottas,19,1:34.430,,
2024,22,stroll,20,1:34.484,,
2024,23,max_verstappen,1,1:21.579,1:20.687,1:20.520
2024,23,russell,2,1:21.241,1:21.069,1:20.575
2024,23,norris,3,1:21.578,1:20.983,1:20.772
2024,23,piastri,4,1:21.821,1:21.121,1:20.829
2024,23,leclerc,5,1:21.278,1:21.000,1:20.852
2024,23,hamilton,6,1:21.637,1:21.095,1:21.011
2024,23,sainz,7,1:21.447,1:21.199,1:21.041
2024,23,alonso,8,1:21.608,1:21.208,1:21.251
2024,23,perez,9,1:21.675,1:21.425,1:21.425
2024,23,kevin_magnussen,10,1:21.891,1:21.387,1:21.500
2024,23,gasly,11,1:21.843,1:21.437,
2024,23,zhou,12,1:22.103,1:21.501,
2024,23,bottas,13,1:21.927,1:21.731,
2024,23,tsunoda,14,1:22.364,1:21.771,
2024,23,stroll,15,1:22.011,1:21.911,
2024,23,albon,16,1:22.390,,
2024,23,lawson,17,1:22.411,,
2024,23,hulkenberg,18,1:22.442,,
2024,23,colapinto,19,1:22.594,,
2024,23,ocon,20,1:22.714,,
2024,24,norris,1,1:23.682,1:23.098,1:22.595
2024,24,piastri,2,1:23.640,1:23.199,1:22.804
2024,24,sainz,3,1:23.487,1:22.985,1:22.824
2024,24,hulkenberg,4,1:23.722,1:23.040,1:22.886
2024,24,max_verstappen,5,1:23.516,1:22.998,1:22.945
2024,24,gasly,6,1:23.548,1:23.086,1:22.984
2024,24,russell,7,1:23.678,1:23.283,1:23.132
2024,24,alonso,8,1:23.794,1:23.268,1:23.196
2024,24,bottas,9,1:23.481,1:23.341,1:23.204
2024,24,perez,10,1:23.559,1:23.379,1:23.264
2024,24,tsunoda,11,1:23.735,1:23.419,
2024,24,lawson,12,1:23.733,1:23.472,
2024,24,stroll,13,1:23.729,1:23.784,
2024,24,leclerc,14,1:23.302,1:23.833,
2024,24,kevin_magnussen,15,1:23.632,1:23.877,
2024,24,albon,16,1:23.821,,
2024,24,zhou,17,1:23.880,,
2024,24,hamilton,18,1:23.887,,
2024,24,colapinto,19,1:23.912,,
2024,24,doohan,20,1:24.105,,
