season,round,driverId,stop,lap_pit,pit_duration
2022,1,hamilton,1,11,25.201
2022,1,alonso,1,11,25.365
2022,1,mick_schumacher,1,12,25.214
2022,1,albon,1,13,24.874
2022,1,max_verstappen,1,14,24.897
2022,1,sainz,1,14,24.666
2022,1,kevin_magnussen,1,14,25.478
2022,1,gasly,1,14,24.575
2022,1,ocon,1,14,30.484
2022,1,bottas,1,14,25.893
2022,1,latifi,1,14,24.457
2022,1,leclerc,1,15,25.012
2022,1,perez,1,15,25.046
2022,1,russell,1,15,25.888
2022,1,tsunoda,1,15,26.095
2022,1,zhou,1,15,25.428
2022,1,ricciardo,1,17,24.915
2022,1,stroll,1,18,25.739
2022,1,hulkenberg,1,19,27.365
2022,1,norris,1,24,24.568
2022,1,alonso,2,25,24.909
2022,1,hamilton,2,27,25.796
2022,1,tsunoda,2,29,24.350
2022,1,max_verstappen,2,30,24.937
2022,1,ocon,2,30,25.393
2022,1,leclerc,2,31,24.527
2022,1,gasly,2,32,25.875
2022,1,latifi,2,32,24.778
2022,1,sainz,2,33,24.438
2022,1,perez,2,33,24.173
2022,2,ricciardo,1,8,20.650
2022,2,stroll,1,13,22.339
2022,2,albon,1,13,20.683
2022,2,perez,1,15,20.481
2022,2,gasly,1,15,22.820
2022,2,leclerc,1,16,21.038
2022,2,max_verstappen,1,16,20.731
2022,2,sainz,1,16,21.521
2022,2,russell,1,16,21.415
2022,2,alonso,1,16,21.543
2022,2,bottas,1,16,22.561
2022,2,ocon,1,16,21.141
2022,2,norris,1,16,20.383
2022,2,zhou,1,16,33.734
2022,2,zhou,2,27,15.103
2022,2,bottas,2,35,22.710
2022,2,kevin_magnussen,1,37,22.374
2022,2,hulkenberg,1,37,21.425
2022,2,hamilton,1,40,21.788
2022,3,stroll,1,3,18.242
2022,3,stroll,2,4,18.560
2022,3,latifi,1,13,18.552
2022,3,mick_schumacher,1,14,19.039
2022,3,ocon,1,17,19.128
2022,3,max_verstappen,1,18,18.281
2022,3,tsunoda,1,18,18.443
2022,3,perez,1,20,17.434
2022,3,norris,1,20,17.556
2022,3,ricciardo,1,21,18.150
2022,3,gasly,1,21,18.926
2022,3,zhou,1,21,18.380
2022,3,leclerc,1,22,17.973
2022,3,hamilton,1,22,17.877
2022,3,bottas,1,22,18.413
2022,3,russell,1,23,18.479
2022,3,stroll,3,23,20.402
2022,3,latifi,2,23,17.936
2022,3,alonso,1,39,18.796
2022,3,kevin_magnussen,1,39,19.111
2022,3,alonso,2,53,18.394
2022,3,albon,1,57,19.845
2022,4,ricciardo,1,2,32.362
2022,4,ricciardo,2,16,30.422
2022,4,vettel,1,17,30.484
2022,4,gasly,1,17,30.405
2022,4,albon,1,17,30.793
2022,4,perez,1,18,30.366
2022,4,russell,1,18,31.079
2022,4,bottas,1,18,40.957
2022,4,kevin_magnussen,1,18,33.765
2022,4,tsunoda,1,18,30.372
2022,4,stroll,1,18,32.667
2022,4,hamilton,1,18,32.740
2022,4,ocon,1,18,31.409
2022,4,latifi,1,18,31.125
2022,4,zhou,1,18,32.203
2022,4,mick_schumacher,1,18,31.320
2022,4,max_verstappen,1,19,30.001
2022,4,leclerc,1,19,31.794
2022,4,norris,1,19,30.070
2022,4,ricciardo,3,30,30.155
2022,4,leclerc,2,49,30.042
2022,4,perez,2,50,29.627
2022,4,max_verstappen,2,51,29.942
2022,4,mick_schumacher,2,52,30.984
2022,4,leclerc,3,53,36.560
2022,5,tsunoda,1,11,18.870
2022,5,kevin_magnussen,1,12,19.760
2022,5,mick_schumacher,1,14,20.413
2022,5,alonso,1,15,21.638
2022,5,gasly,1,16,19.543
2022,5,albon,1,16,20.059
2022,5,norris,1,18,19.986
2022,5,hamilton,1,22,18.820
2022,5,leclerc,1,24,19.697
2022,5,max_verstappen,1,26,18.798
2022,5,bottas,1,26,19.614
2022,5,sainz,1,27,22.063
2022,5,perez,1,27,18.519
2022,5,ricciardo,1,30,19.484
2022,5,latifi,1,34,19.185
2022,5,russell,1,40,19.035
2022,5,stroll,1,40,19.074
2022,5,gasly,2,40,19.007
2022,5,perez,2,41,18.433
2022,5,ocon,1,41,19.019
2022,5,vettel,1,41,19.861
2022,5,ricciardo,2,41,19.280
2022,5,tsunoda,2,41,19.618
2022,5,kevin_magnussen,2,42,20.673
2022,5,mick_schumacher,2,54,32.381
2022,6,hamilton,1,1,31.054
2022,6,kevin_magnussen,1,1,29.632
2022,6,sainz,1,10,22.341
2022,6,alonso,1,10,22.375
2022,6,gasly,1,10,22.008
2022,6,zhou,1,10,23.109
2022,6,tsunoda,1,11,23.083
2022,6,ricciardo,1,11,22.124
2022,6,albon,1,11,23.419
2022,6,norris,1,12,21.916
2022,6,mick_schumacher,1,12,23.582
2022,6,latifi,1,12,23.189
2022,6,russell,1,13,22.154
2022,6,max_verstappen,1,13,22.173
2022,6,ocon,1,13,22.137
2022,6,bottas,1,14,22.987
2022,6,stroll,1,14,22.833
2022,6,perez,1,17,22.032
2022,6,leclerc,1,21,21.794
2022,6,vettel,1,21,22.536
2022,6,hamilton,2,22,22.105
2022,6,albon,2,25,22.657
2022,6,latifi,2,26,22.311
2022,6,stroll,2,27,23.394
2022,6,max_verstappen,2,28,21.966
2022,6,gasly,2,29,27.947
2022,6,kevin_magnussen,2,29,23.878
2022,6,mick_schumacher,2,30,23.127
2022,6,sainz,2,31,21.867
2022,6,alonso,2,31,21.914
2022,7,stroll,1,1,26.731
2022,7,latifi,1,1,36.773
2022,7,gasly,1,2,35.486
2022,7,stroll,2,2,32.750
2022,7,latifi,2,2,36.351
2022,7,mick_schumacher,1,4,27.637
2022,7,vettel,1,6,24.965
2022,7,tsunoda,1,6,25.068
2022,7,hamilton,1,15,24.796
2022,7,perez,1,16,24.409
2022,7,norris,1,17,24.872
2022,7,mick_schumacher,2,17,36.854
2022,7,leclerc,1,18,25.710
2022,7,max_verstappen,1,18,27.009
2022,7,albon,1,18,27.231
2022,7,ricciardo,1,19,26.056
2022,7,zhou,1,19,25.594
2022,7,latifi,3,19,26.910
2022,7,bottas,1,20,25.865
2022,7,sainz,1,21,24.666
2022,7,leclerc,2,21,28.034
2022,7,russell,1,21,25.352
2022,7,alonso,1,21,24.526
2022,7,ocon,1,21,24.875
2022,7,tsunoda,2,21,26.021
2022,7,perez,2,22,24.536
2022,7,max_verstappen,2,22,26.930
2022,7,norris,2,22,24.760
2022,7,hamilton,2,22,24.507
2022,7,gasly,2,22,28.770
2022,8,latifi,1,3,29.395
2022,8,leclerc,1,9,23.212
2022,8,russell,1,9,20.538
2022,8,gasly,1,9,22.698
2022,8,hamilton,1,9,21.470
2022,8,vettel,1,9,20.249
2022,8,tsunoda,1,9,23.083
2022,8,zhou,1,9,23.001
2022,8,kevin_magnussen,1,9,21.555
2022,8,albon,1,9,25.577
2022,8,mick_schumacher,1,9,26.973
2022,8,perez,1,16,23.379
2022,8,latifi,2,17,22.069
2022,8,max_verstappen,1,18,21.468
2022,8,alonso,1,18,20.571
2022,8,norris,1,20,21.443
2022,8,mick_schumacher,2,23,22.231
2022,8,albon,2,29,21.540
2022,8,stroll,1,30,22.059
2022,8,max_verstappen,2,33,20.722
2022,8,perez,2,33,22.349
2022,8,russell,2,33,20.527
2022,8,hamilton,2,33,20.831
2022,8,ricciardo,1,33,21.794
2022,8,ocon,1,33,22.638
2022,8,bottas,1,33,20.979
2022,8,tsunoda,2,38,41.500
2022,9,vettel,1,5,23.406
2022,9,gasly,1,5,23.557
2022,9,kevin_magnussen,1,7,38.262
2022,9,max_verstappen,1,9,24.217
2022,9,hamilton,1,9,23.845
2022,9,tsunoda,1,9,23.248
2022,9,latifi,1,9,24.020
2022,9,albon,1,18,23.804
2022,9,russell,1,19,23.951
2022,9,ocon,1,19,25.684
2022,9,zhou,1,19,24.281
2022,9,ricciardo,1,19,27.937
2022,9,norris,1,19,43.032
2022,9,vettel,2,19,23.681
2022,9,sainz,1,20,24.215
2022,9,alonso,1,28,23.779
2022,9,gasly,2,36,23.613
2022,9,latifi,2,37,30.034
2022,9,leclerc,1,41,26.199
2022,9,max_verstappen,2,43,23.704
2022,9,norris,2,42,24.134
2022,9,hamilton,2,44,23.841
2022,9,russell,2,45,24.069
2022,9,stroll,1,47,25.252
2022,9,tsunoda,2,47,23.450
2022,9,sainz,2,49,24.881
2022,9,albon,2,48,23.530
2022,9,ocon,2,49,23.945
2022,9,alonso,2,49,25.139
2022,9,bottas,1,49,26.089
2022,10,max_verstappen,1,1,50:37.323
2022,10,sainz,1,1,50:31.752
2022,10,hamilton,1,1,50:46.888
2022,10,leclerc,1,1,50:36.360
2022,10,alonso,1,1,50:55.700
2022,10,perez,1,1,50:34.772
2022,10,norris,1,1,50:43.215
2022,10,latifi,1,1,50:51.904
2022,10,bottas,1,1,50:55.732
2022,10,ricciardo,1,1,51:03.314
2022,10,gasly,1,1,50:48.950
2022,10,kevin_magnussen,1,1,51:03.613
2022,10,vettel,1,1,51:07.301
2022,10,stroll,1,1,51:09.017
2022,10,mick_schumacher,1,1,51:05.174
2022,10,tsunoda,1,1,50:11.861
2022,10,ocon,1,1,49:10.760
2022,10,perez,2,5,37.302
2022,10,vettel,2,6,29.846
2022,10,max_verstappen,2,12,29.395
2022,10,stroll,2,15,28.632
2022,10,gasly,2,16,29.632
2022,10,tsunoda,2,18,34.759
2022,10,latifi,2,19,28.829
2022,10,mick_schumacher,2,19,29.147
2022,10,sainz,2,20,28.574
2022,10,ricciardo,2,20,30.262
2022,10,ocon,2,22,30.342
2022,10,kevin_magnussen,2,22,29.473
2022,10,max_verstappen,3,23,29.296
2022,11,perez,1,1,23.681
2022,11,bottas,1,6,24.677
2022,11,russell,1,11,38.201
2022,11,albon,1,11,22.301
2022,11,ricciardo,1,12,21.356
2022,11,gasly,1,12,22.724
2022,11,latifi,1,12,21.722
2022,11,max_verstappen,1,13,22.022
2022,11,norris,1,14,22.684
2022,11,kevin_magnussen,1,15,22.205
2022,11,ocon,1,16,21.755
2022,11,mick_schumacher,1,16,22.120
2022,11,vettel,1,20,22.112
2022,11,zhou,1,24,22.704
2022,11,leclerc,1,26,21.532
2022,11,tsunoda,1,26,21.749
2022,11,sainz,1,27,21.212
2022,11,alonso,1,27,21.552
2022,11,hamilton,1,28,23.026
2022,11,stroll,1,29,21.431
2022,11,latifi,2,35,21.206
2022,11,max_verstappen,2,36,21.444
2022,11,bottas,2,39,22.278
2022,11,russell,2,40,21.731
2022,11,gasly,2,40,27.610
2022,11,kevin_magnussen,2,41,22.088
2022,11,albon,2,41,22.122
2022,11,mick_schumacher,2,43,22.880
2022,11,norris,2,43,27.324
2022,11,ocon,2,44,22.109
2022,12,kevin_magnussen,1,8,36.779
2022,12,mick_schumacher,1,9,36.704
2022,12,zhou,1,9,36.444
2022,12,tsunoda,1,11,37.648
2022,12,max_verstappen,1,16,35.266
2022,12,hamilton,1,18,37.189
2022,12,perez,1,18,38.061
2022,12,russell,1,18,38.277
2022,12,alonso,1,18,36.524
2022,12,norris,1,18,37.539
2022,12,ocon,1,18,44.747
2022,12,sainz,1,18,41.458
2022,12,ricciardo,1,18,36.264
2022,12,stroll,1,18,39.844
2022,12,albon,1,18,37.380
2022,12,gasly,1,18,35.969
2022,12,bottas,1,18,37.855
2022,12,kevin_magnussen,2,18,36.403
2022,12,mick_schumacher,2,18,37.003
2022,12,vettel,1,19,36.671
2022,12,latifi,1,19,37.497
2022,12,zhou,2,22,50.790
2022,12,bottas,2,36,36.520
2022,12,latifi,2,38,36.942
2022,12,sainz,2,42,42.292
2022,13,albon,1,2,31.224
2022,13,kevin_magnussen,1,6,29.641
2022,13,tsunoda,1,13,21.577
2022,13,norris,1,14,23.567
2022,13,stroll,1,14,21.779
2022,13,ricciardo,1,15,21.558
2022,13,vettel,1,15,21.402
2022,13,russell,1,16,22.763
2022,13,max_verstappen,1,16,21.351
2022,13,gasly,1,16,21.675
2022,13,sainz,1,17,22.820
2022,13,perez,1,18,21.118
2022,13,latifi,1,18,21.865
2022,13,hamilton,1,19,21.699
2022,13,leclerc,1,21,21.775
2022,13,alonso,1,21,22.083
2022,13,mick_schumacher,1,21,22.953
2022,13,albon,2,21,21.816
2022,13,ocon,1,23,23.581
2022,13,bottas,1,26,22.272
2022,13,zhou,1,27,22.321
2022,13,tsunoda,2,33,22.016
2022,13,kevin_magnussen,2,35,23.210
2022,13,max_verstappen,2,38,21.228
2022,13,leclerc,2,39,21.972
2022,13,russell,2,39,21.743
2022,13,latifi,2,39,22.452
2022,13,albon,3,40,24.298
2022,13,mick_schumacher,2,41,22.566
2022,13,perez,2,42,21.167
2022,14,leclerc,1,3,24.198
2022,14,latifi,1,3,35.825
2022,14,albon,1,10,23.334
2022,14,gasly,1,10,22.857
2022,14,sainz,1,11,22.543
2022,14,alonso,1,11,22.641
2022,14,kevin_magnussen,1,11,26.815
2022,14,ricciardo,1,12,23.085
2022,14,ocon,1,12,23.511
2022,14,russell,1,13,22.825
2022,14,norris,1,13,23.036
2022,14,perez,1,14,22.349
2022,14,vettel,1,14,23.222
2022,14,zhou,1,14,23.744
2022,14,mick_schumacher,1,14,24.158
2022,14,max_verstappen,1,15,22.882
2022,14,stroll,1,15,23.555
2022,14,latifi,2,15,24.168
2022,14,tsunoda,1,18,30.055
2022,14,gasly,2,22,22.542
2022,14,sainz,2,25,22.750
2022,14,leclerc,2,25,23.189
2022,14,alonso,2,25,23.954
2022,14,albon,2,26,24.415
2022,14,stroll,2,26,23.349
2022,14,perez,2,27,22.650
2022,14,kevin_magnussen,2,27,23.396
2022,14,zhou,2,28,23.364
2022,14,russell,2,29,22.977
2022,14,norris,2,29,23.560
2022,15,vettel,1,9,22.391
2022,15,gasly,1,11,18.789
2022,15,ricciardo,1,11,19.546
2022,15,alonso,1,12,19.578
2022,15,zhou,1,12,19.548
2022,15,mick_schumacher,1,13,26.813
2022,15,tsunoda,1,13,18.774
2022,15,latifi,1,13,20.284
2022,15,sainz,1,14,29.705
2022,15,perez,1,14,18.835
2022,15,kevin_magnussen,1,14,20.785
2022,15,stroll,1,16,20.205
2022,15,bottas,1,16,19.741
2022,15,leclerc,1,17,19.080
2022,15,norris,1,17,19.303
2022,15,max_verstappen,1,18,19.634
2022,15,ocon,1,18,19.455
2022,15,albon,1,21,19.325
2022,15,latifi,2,26,20.733
2022,15,ricciardo,2,27,19.567
2022,15,hamilton,1,29,19.046
2022,15,russell,1,31,19.359
2022,15,gasly,2,32,18.700
2022,15,mick_schumacher,2,33,21.814
2022,15,bottas,2,34,21.049
2022,15,kevin_magnussen,2,34,23.710
2022,15,vettel,2,35,19.156
2022,15,zhou,2,37,25.433
2022,15,stroll,2,38,20.214
2022,15,perez,2,40,18.738
2022,16,perez,1,7,23.698
2022,16,leclerc,1,12,23.531
2022,16,latifi,1,15,26.782
2022,16,gasly,1,18,25.376
2022,16,zhou,1,18,25.366
2022,16,stroll,1,18,24.254
2022,16,ricciardo,1,19,25.164
2022,16,de_vries,1,19,24.628
2022,16,ocon,1,19,24.336
2022,16,tsunoda,1,19,24.009
2022,16,russell,1,23,25.075
2022,16,kevin_magnussen,1,24,30.164
2022,16,max_verstappen,1,25,23.791
2022,16,sainz,1,30,23.728
2022,16,leclerc,2,33,23.904
2022,16,hamilton,1,33,24.282
2022,16,mick_schumacher,1,33,24.817
2022,16,norris,1,35,26.714
2022,16,bottas,1,35,24.758
2022,16,perez,2,42,23.299
2022,16,russell,2,47,24.114
2022,16,kevin_magnussen,2,46,24.846
2022,16,sainz,2,47,24.525
2022,16,norris,2,47,24.784
2022,16,max_verstappen,2,48,24.091
2022,16,tsunoda,2,47,23.904
2022,16,leclerc,3,48,23.719
2022,16,latifi,2,47,24.263
2022,17,kevin_magnussen,1,7,39.247
2022,17,russell,1,21,30.378
2022,17,gasly,1,33,29.867
2022,17,tsunoda,1,33,31.293
2022,17,bottas,1,33,32.167
2022,17,kevin_magnussen,2,33,32.603
2022,17,leclerc,1,34,32.058
2022,17,hamilton,1,34,41.019
2022,17,vettel,1,34,29.704
2022,17,mick_schumacher,1,34,31.201
2022,17,perez,1,35,29.550
2022,17,sainz,1,35,30.603
2022,17,max_verstappen,1,35,29.407
2022,17,stroll,1,35,29.863
2022,17,russell,2,35,29.713
2022,17,norris,1,36,30.528
2022,17,ricciardo,1,36,30.946
2022,17,max_verstappen,2,40,29.775
2022,17,mick_schumacher,2,41,34.722
2022,17,russell,3,41,33.211
2022,17,russell,4,51,29.893
2022,18,gasly,1,1,41.319
2022,18,max_verstappen,1,2,6:27.399
2022,18,leclerc,1,2,6:29.973
2022,18,perez,1,2,6:32.517
2022,18,ocon,1,2,6:33.601
2022,18,hamilton,1,2,6:36.504
2022,18,alonso,1,2,6:36.837
2022,18,russell,1,2,6:41.057
2022,18,ricciardo,1,2,6:41.749
2022,18,tsunoda,1,2,6:42.478
2022,18,mick_schumacher,1,2,6:40.857
2022,18,stroll,1,2,6:40.463
2022,18,kevin_magnussen,1,2,6:42.029
2022,18,norris,1,2,6:46.256
2022,18,bottas,1,2,6:47.553
2022,18,latifi,1,2,6:47.673
2022,18,vettel,1,2,6:49.647
2022,18,zhou,1,2,6:50.005
2022,18,gasly,2,2,6:49.011
2022,18,latifi,2,5,24.785
2022,18,vettel,2,5,24.218
2022,18,norris,2,6,24.595
2022,18,bottas,2,6,24.869
2022,18,max_verstappen,2,7,24.308
2022,18,leclerc,2,7,25.899
2022,18,perez,2,7,25.322
2022,18,ocon,2,7,25.172
2022,18,hamilton,2,7,25.059
2022,18,russell,2,7,28.728
2022,18,tsunoda,2,7,24.439
2022,19,latifi,1,5,25.321
2022,19,albon,1,9,24.624
2022,19,zhou,1,9,27.326
2022,19,bottas,1,10,25.013
2022,19,tsunoda,1,10,23.688
2022,19,ricciardo,1,10,26.206
2022,19,gasly,1,11,23.670
2022,19,hamilton,1,12,24.362
2022,19,max_verstappen,1,13,23.866
2022,19,russell,1,13,30.038
2022,19,perez,1,14,23.403
2022,19,norris,1,14,24.026
2022,19,stroll,1,15,25.417
2022,19,leclerc,1,18,24.314
2022,19,vettel,1,18,24.307
2022,19,alonso,1,18,23.870
2022,19,ocon,1,18,24.816
2022,19,mick_schumacher,1,18,25.209
2022,19,kevin_magnussen,1,18,29.039
2022,19,albon,2,18,24.311
2022,19,latifi,2,18,24.195
2022,19,alonso,2,22,39.707
2022,19,zhou,2,23,25.015
2022,19,gasly,2,32,28.918
2022,19,tsunoda,2,33,23.241
2022,19,mick_schumacher,2,33,24.651
2022,19,hamilton,2,34,24.135
2022,19,norris,2,34,23.702
2022,19,max_verstappen,2,35,32.254
2022,19,leclerc,2,35,23.755
2022,20,stroll,1,17,23.509
2022,20,perez,1,23,24.892
2022,20,latifi,1,23,23.826
2022,20,mick_schumacher,1,24,23.679
2022,20,max_verstappen,1,25,22.487
2022,20,leclerc,1,28,22.193
2022,20,hamilton,1,29,23.194
2022,20,sainz,1,29,23.469
2022,20,tsunoda,1,29,22.468
2022,20,norris,1,31,22.585
2022,20,ocon,1,33,22.343
2022,20,russell,1,34,22.795
2022,20,vettel,1,38,22.534
2022,20,albon,1,38,23.182
2022,20,kevin_magnussen,1,38,23.722
2022,20,bottas,1,39,23.863
2022,20,alonso,1,40,23.159
2022,20,gasly,1,40,29.168
2022,20,stroll,2,40,23.119
2022,20,ricciardo,1,44,22.280
2022,20,zhou,1,45,24.218
2022,20,latifi,2,52,24.039
2022,20,russell,2,69,23.118
2022,21,albon,1,4,24.361
2022,21,max_verstappen,1,7,30.942
2022,21,leclerc,1,7,30.080
2022,21,alonso,1,14,23.478
2022,21,zhou,1,16,24.332
2022,21,sainz,1,17,25.206
2022,21,gasly,1,19,23.460
2022,21,tsunoda,1,20,23.287
2022,21,latifi,1,20,28.807
2022,21,leclerc,2,21,23.172
2022,21,perez,1,23,22.869
2022,21,max_verstappen,2,23,31.682
2022,21,russell,1,24,23.521
2022,21,norris,1,24,29.338
2022,21,bottas,1,24,23.908
2022,21,ocon,1,24,23.868
2022,21,mick_schumacher,1,24,24.487
2022,21,albon,2,25,23.352
2022,21,vettel,1,26,24.248
2022,21,hamilton,1,29,24.081
2022,21,stroll,1,29,23.469
2022,21,latifi,2,32,24.292
2022,21,alonso,2,35,28.855
2022,21,gasly,2,35,23.328
2022,21,sainz,2,36,23.483
2022,21,zhou,2,37,25.111
2022,21,tsunoda,2,40,23.645
2022,21,leclerc,3,44,23.124
2022,21,bottas,2,45,24.616
2022,21,vettel,2,45,24.028
2022,22,albon,1,12,21.793
2022,22,stroll,1,13,21.814
2022,22,ocon,1,14,21.895
2022,22,tsunoda,1,14,21.591
2022,22,mick_schumacher,1,14,22.276
2022,22,gasly,1,14,21.855
2022,22,perez,1,15,21.360
2022,22,russell,1,15,24.243
2022,22,norris,1,15,22.234
2022,22,zhou,1,15,22.435
2022,22,latifi,1,15,22.423
2022,22,sainz,1,17,21.930
2022,22,hamilton,1,18,21.270
2022,22,alonso,1,19,21.740
2022,22,ricciardo,1,19,21.893
2022,22,max_verstappen,1,20,22.735
2022,22,leclerc,1,21,22.210
2022,22,vettel,1,25,23.186
2022,22,kevin_magnussen,1,28,22.387
2022,22,bottas,1,30,22.573
2022,22,perez,2,33,21.367
2022,22,mick_schumacher,2,34,23.530
2022,22,albon,2,35,21.798
2022,22,tsunoda,2,38,22.262
2022,22,sainz,2,39,21.575
2022,22,russell,2,39,27.931
2022,22,latifi,2,38,25.174
2022,22,stroll,2,40,21.802
2022,22,ocon,2,41,21.734
2022,22,norris,2,42,21.559
2023,1,gasly,1,9,25.885
2023,1,norris,1,10,32.766
2023,1,tsunoda,1,10,25.267
2023,1,bottas,1,11,25.399
2023,1,albon,1,11,25.054
2023,1,de_vries,1,11,25.018
2023,1,hulkenberg,1,11,26.075
2023,1,hamilton,1,12,24.682
2023,1,ocon,1,12,24.966
2023,1,sargeant,1,12,25.600
2023,1,zhou,1,12,25.787
2023,1,leclerc,1,13,24.345
2023,1,sainz,1,13,24.500
2023,1,russell,1,13,27.062
2023,1,max_verstappen,1,14,24.289
2023,1,alonso,1,14,25.800
2023,1,stroll,1,15,25.449
2023,1,kevin_magnussen,1,15,25.439
2023,1,ocon,2,15,41.462
2023,1,perez,1,17,24.264
2023,1,norris,2,17,33.661
2023,1,gasly,2,25,24.879
2023,1,albon,2,26,24.920
2023,1,tsunoda,2,26,24.372
2023,1,hulkenberg,2,26,37.769
2023,1,de_vries,2,27,25.234
2023,1,norris,3,27,33.467
2023,1,bottas,2,29,25.643
2023,1,kevin_magnussen,2,29,25.344
2023,1,hamilton,2,30,24.690
2023,2,piastri,1,1,31.534
2023,2,norris,1,2,29.444
2023,2,kevin_magnussen,1,8,20.870
2023,2,bottas,1,9,21.505
2023,2,zhou,1,11,21.703
2023,2,hulkenberg,1,11,21.567
2023,2,stroll,1,13,21.150
2023,2,gasly,1,14,20.719
2023,2,sainz,1,15,20.760
2023,2,leclerc,1,16,20.026
2023,2,ocon,1,16,20.762
2023,2,tsunoda,1,17,21.414
2023,2,albon,1,17,21.397
2023,2,de_vries,1,17,21.116
2023,2,bottas,2,17,22.191
2023,2,perez,1,18,20.715
2023,2,alonso,1,18,26.879
2023,2,russell,1,18,20.828
2023,2,max_verstappen,1,18,20.824
2023,2,hamilton,1,18,21.102
2023,2,sargeant,1,18,21.064
2023,2,zhou,2,18,21.282
2023,2,norris,2,19,21.352
2023,2,bottas,3,35,21.808
2023,3,ocon,1,1,18.056
2023,3,zhou,1,1,18.951
2023,3,sargeant,1,1,18.382
2023,3,perez,1,1,17.657
2023,3,bottas,1,1,21.659
2023,3,sargeant,2,2,19.158
2023,3,perez,2,2,17.814
2023,3,russell,1,7,19.146
2023,3,sainz,1,7,18.319
2023,3,kevin_magnussen,1,7,20.789
2023,3,hamilton,1,8,15:25.181
2023,3,max_verstappen,1,8,15:25.112
2023,3,alonso,1,8,15:26.940
2023,3,stroll,1,8,15:27.222
2023,3,gasly,1,8,15:26.996
2023,3,hulkenberg,1,8,15:26.326
2023,3,russell,2,8,15:30.824
2023,3,tsunoda,1,8,15:31.820
2023,3,norris,1,8,15:34.763
2023,3,piastri,1,8,15:34.541
2023,3,sainz,2,8,15:37.024
2023,3,de_vries,1,8,15:37.874
2023,3,ocon,2,8,15:37.929
2023,3,perez,3,8,15:37.512
2023,3,zhou,2,8,15:37.849
2023,3,bottas,2,8,15:37.594
2023,3,sargeant,3,8,15:38.017
2023,3,kevin_magnussen,2,8,15:40.228
2023,3,sargeant,4,36,19.018
2023,3,de_vries,2,45,18.080
2023,4,gasly,1,5,20.235
2023,4,bottas,1,6,20.967
2023,4,albon,1,7,21.103
2023,4,tsunoda,1,8,20.497
2023,4,piastri,1,8,20.902
2023,4,sargeant,1,8,21.015
2023,4,hamilton,1,9,20.324
2023,4,norris,1,9,20.346
2023,4,max_verstappen,1,10,20.707
2023,4,kevin_magnussen,1,10,30.951
2023,4,perez,1,11,20.389
2023,4,leclerc,1,11,21.126
2023,4,sainz,1,11,21.970
2023,4,alonso,1,11,23.148
2023,4,stroll,1,11,23.161
2023,4,russell,1,11,20.459
2023,4,zhou,1,11,22.247
2023,4,bottas,2,12,22.354
2023,4,gasly,2,23,21.169
2023,4,bottas,3,34,21.012
2023,4,russell,2,49,21.389
2023,4,hulkenberg,1,49,24.748
2023,4,ocon,1,50,20.367
2023,5,sargeant,1,2,48.938
2023,5,norris,1,4,24.090
2023,5,piastri,1,5,22.205
2023,5,kevin_magnussen,1,14,22.616
2023,5,gasly,1,15,22.417
2023,5,bottas,1,15,23.158
2023,5,de_vries,1,15,23.487
2023,5,russell,1,17,22.335
2023,5,leclerc,1,17,22.068
2023,5,sainz,1,18,22.278
2023,5,perez,1,20,21.884
2023,5,albon,1,22,22.482
2023,5,alonso,1,24,22.631
2023,5,zhou,1,31,22.796
2023,5,hulkenberg,1,33,23.120
2023,5,tsunoda,1,36,22.390
2023,5,hamilton,1,37,22.150
2023,5,ocon,1,39,21.942
2023,5,stroll,1,42,22.651
2023,5,max_verstappen,1,45,22.688
2023,6,hulkenberg,1,1,32.494
2023,6,zhou,1,1,26.141
2023,6,perez,1,1,24.887
2023,6,albon,1,18,24.290
2023,6,sargeant,1,20,24.376
2023,6,sargeant,2,23,27.774
2023,6,hamilton,1,31,24.594
2023,6,ocon,1,32,25.833
2023,6,sainz,1,33,24.252
2023,6,perez,2,34,32.749
2023,6,leclerc,1,44,24.192
2023,6,gasly,1,47,23.902
2023,6,norris,1,50,24.663
2023,6,bottas,1,51,30.395
2023,6,stroll,1,51,24.656
2023,6,zhou,2,52,25.260
2023,6,albon,2,52,26.990
2023,6,tsunoda,1,53,33.706
2023,6,sargeant,3,52,25.946
2023,6,alonso,1,54,24.414
2023,6,de_vries,1,53,24.539
2023,6,russell,1,54,30.980
2023,6,ocon,2,54,24.707
2023,6,hamilton,2,54,26.685
2023,6,gasly,2,54,29.949
2023,6,perez,3,53,24.217
2023,6,max_verstappen,1,55,24.798
2023,6,piastri,1,54,25.851
2023,6,norris,2,54,33.428
2023,6,alonso,2,55,25.916
2023,7,norris,1,1,37.736
2023,7,bottas,1,5,23.691
2023,7,hulkenberg,1,8,22.298
2023,7,zhou,1,9,23.430
2023,7,de_vries,1,9,22.522
2023,7,tsunoda,1,10,22.176
2023,7,kevin_magnussen,1,10,22.124
2023,7,ocon,1,13,22.112
2023,7,stroll,1,14,22.355
2023,7,sainz,1,15,22.321
2023,7,leclerc,1,16,21.778
2023,7,albon,1,16,23.319
2023,7,piastri,1,17,22.370
2023,7,sargeant,1,17,22.583
2023,7,alonso,1,19,22.558
2023,7,gasly,1,19,23.388
2023,7,norris,2,22,22.850
2023,7,hamilton,1,24,22.575
2023,7,kevin_magnussen,2,24,24.800
2023,7,russell,1,25,22.275
2023,7,max_verstappen,1,26,22.241
2023,7,hulkenberg,2,26,23.257
2023,7,perez,1,27,21.775
2023,7,stroll,2,34,23.371
2023,7,tsunoda,2,34,22.009
2023,7,ocon,2,35,24.110
2023,7,zhou,2,36,22.889
2023,7,sargeant,2,36,23.827
2023,7,albon,2,37,23.449
2023,7,de_vries,2,38,21.976
2023,8,tsunoda,1,1,23.646
2023,8,gasly,1,10,27.515
2023,8,hulkenberg,1,11,24.880
2023,8,stroll,1,11,23.711
2023,8,de_vries,1,11,24.960
2023,8,max_verstappen,1,12,23.644
2023,8,hamilton,1,12,24.339
2023,8,alonso,1,12,24.031
2023,8,ocon,1,12,24.402
2023,8,piastri,1,12,24.828
2023,8,norris,1,12,25.862
2023,8,albon,1,12,25.064
2023,8,zhou,1,12,24.161
2023,8,russell,1,12,1:28.943
2023,8,stroll,2,27,23.839
2023,8,hulkenberg,2,31,24.200
2023,8,zhou,2,32,27.509
2023,8,gasly,2,33,24.117
2023,8,tsunoda,2,34,27.523
2023,8,norris,2,35,23.570
2023,8,kevin_magnussen,1,35,24.909
2023,8,ocon,2,36,23.698
2023,8,bottas,1,36,24.038
2023,8,perez,1,37,23.281
2023,8,piastri,2,37,23.436
2023,8,sainz,1,38,24.133
2023,8,leclerc,1,39,24.343
2023,8,hamilton,2,40,23.749
2023,8,alonso,2,41,23.928
2023,8,max_verstappen,2,42,23.910
2023,9,kevin_magnussen,1,1,26.587
2023,9,tsunoda,1,1,29.691
2023,9,max_verstappen,1,2,16.369
2023,9,leclerc,1,2,16.393
2023,9,sainz,1,2,16.380
2023,9,hamilton,1,2,16.415
2023,9,norris,1,2,18.076
2023,9,alonso,1,2,16.600
2023,9,hulkenberg,1,2,16.778
2023,9,stroll,1,2,16.646
2023,9,gasly,1,2,16.380
2023,9,albon,1,2,16.737
2023,9,russell,1,2,17.946
2023,9,ocon,1,2,18.143
2023,9,perez,1,2,17.428
2023,9,zhou,1,2,17.467
2023,9,piastri,1,2,17.324
2023,9,sargeant,1,2,17.337
2023,9,bottas,1,2,17.130
2023,9,de_vries,1,2,17.033
2023,9,kevin_magnussen,2,2,25.654
2023,9,tsunoda,2,2,16.246
2023,9,zhou,2,8,24.374
2023,9,hulkenberg,2,11,21.891
2023,9,de_vries,2,12,21.333
2023,9,hamilton,2,14,21.993
2023,9,norris,2,14,21.290
2023,9,gasly,2,14,21.814
2023,9,albon,2,14,21.562
2023,9,russell,2,14,22.262
2023,10,hulkenberg,1,7,41.972
2023,10,tsunoda,1,14,28.353
2023,10,leclerc,1,18,28.244
2023,10,zhou,1,24,29.177
2023,10,sainz,1,26,28.869
2023,10,de_vries,1,27,28.242
2023,10,russell,1,28,29.455
2023,10,perez,1,28,28.060
2023,10,piastri,1,29,28.655
2023,10,sargeant,1,29,28.847
2023,10,gasly,1,31,28.458
2023,10,stroll,1,31,28.561
2023,10,albon,1,32,29.634
2023,10,leclerc,2,32,28.805
2023,10,bottas,1,32,29.662
2023,10,tsunoda,2,32,28.603
2023,10,de_vries,2,32,28.413
2023,10,hulkenberg,2,32,30.003
2023,10,max_verstappen,1,33,29.056
2023,10,norris,1,33,28.438
2023,10,hamilton,1,33,29.169
2023,10,alonso,1,33,28.679
2023,10,zhou,2,33,28.709
2023,10,zhou,3,36,34.374
2023,11,albon,1,8,22.076
2023,11,stroll,1,9,21.910
2023,11,tsunoda,1,9,26.170
2023,11,bottas,1,9,22.114
2023,11,zhou,1,10,29.211
2023,11,sargeant,1,13,24.001
2023,11,kevin_magnussen,1,14,22.753
2023,11,sainz,1,15,21.402
2023,11,hamilton,1,16,21.974
2023,11,hulkenberg,1,16,22.922
2023,11,norris,1,17,21.541
2023,11,leclerc,1,17,28.404
2023,11,piastri,1,18,21.171
2023,11,ricciardo,1,18,21.958
2023,11,alonso,1,20,22.916
2023,11,max_verstappen,1,23,21.407
2023,11,perez,1,24,21.862
2023,11,russell,1,28,21.886
2023,11,ricciardo,2,29,22.203
2023,11,albon,2,31,21.762
2023,11,stroll,2,34,22.403
2023,11,sargeant,2,34,22.197
2023,11,hulkenberg,2,38,21.955
2023,11,zhou,2,38,22.853
2023,11,bottas,2,40,23.242
2023,11,kevin_magnussen,2,41,22.152
2023,11,piastri,2,42,22.030
2023,11,perez,2,42,20.880
2023,11,leclerc,2,43,21.452
2023,11,alonso,2,43,24.152
2023,12,norris,1,5,25.012
2023,12,kevin_magnussen,1,5,23.638
2023,12,ricciardo,1,5,22.843
2023,12,ocon,1,6,23.085
2023,12,bottas,1,6,23.362
2023,12,albon,1,7,25.015
2023,12,sainz,1,7,23.303
2023,12,zhou,1,7,24.449
2023,12,sargeant,1,8,23.570
2023,12,tsunoda,1,9,22.610
2023,12,alonso,1,10,23.085
2023,12,hamilton,1,12,23.090
2023,12,hulkenberg,1,12,24.571
2023,12,perez,1,13,23.684
2023,12,leclerc,1,13,23.224
2023,12,max_verstappen,1,14,22.887
2023,12,norris,2,17,23.744
2023,12,stroll,1,20,25.397
2023,12,russell,1,22,23.837
2023,12,ricciardo,2,22,23.290
2023,12,gasly,1,23,25.664
2023,12,albon,2,23,23.596
2023,12,tsunoda,2,24,22.737
2023,12,bottas,2,24,23.786
2023,12,hulkenberg,2,24,25.238
2023,12,sargeant,2,24,23.938
2023,12,ocon,2,25,23.339
2023,12,kevin_magnussen,2,25,23.572
2023,12,zhou,2,25,24.045
2023,12,hamilton,2,27,23.023
2023,13,perez,1,1,22.666
2023,13,leclerc,1,1,32.686
2023,13,gasly,1,1,28.469
2023,13,zhou,1,1,23.088
2023,13,tsunoda,1,1,32.321
2023,13,lawson,1,1,42.641
2023,13,kevin_magnussen,1,1,31.341
2023,13,max_verstappen,1,2,20.379
2023,13,alonso,1,2,20.647
2023,13,sainz,1,2,20.973
2023,13,ocon,1,2,22.534
2023,13,norris,1,3,20.170
2023,13,hamilton,1,3,20.266
2023,13,russell,1,4,21.201
2023,13,stroll,1,4,20.036
2023,13,kevin_magnussen,2,9,20.137
2023,13,hamilton,2,9,19.970
2023,13,stroll,2,9,20.208
2023,13,zhou,2,10,20.231
2023,13,alonso,2,10,20.109
2023,13,sainz,2,10,19.511
2023,13,tsunoda,2,10,18.904
2023,13,ocon,2,10,19.795
2023,13,norris,2,10,20.395
2023,13,lawson,2,10,30.836
2023,13,russell,2,10,20.148
2023,13,max_verstappen,2,11,19.289
2023,13,gasly,2,11,19.518
2023,13,leclerc,2,11,27.202
2023,13,perez,2,12,19.460
2023,14,gasly,1,10,27.376
2023,14,zhou,1,11,24.396
2023,14,kevin_magnussen,1,12,24.660
2023,14,lawson,1,13,24.212
2023,14,hulkenberg,1,14,26.095
2023,14,sargeant,1,14,24.779
2023,14,albon,1,15,24.538
2023,14,sainz,1,19,25.183
2023,14,russell,1,19,24.215
2023,14,max_verstappen,1,20,24.228
2023,14,leclerc,1,20,23.931
2023,14,stroll,1,20,25.667
2023,14,perez,1,21,23.819
2023,14,alonso,1,21,24.798
2023,14,norris,1,22,23.727
2023,14,piastri,1,23,24.133
2023,14,ocon,1,24,24.249
2023,14,bottas,1,25,24.658
2023,14,hamilton,1,27,24.255
2023,14,gasly,2,31,24.686
2023,14,lawson,2,33,24.281
2023,14,zhou,2,33,25.959
2023,14,kevin_magnussen,2,33,24.765
2023,14,hulkenberg,2,39,24.328
2023,14,piastri,2,41,31.799
2023,15,zhou,1,2,30.032
2023,15,sargeant,1,19,1:03.543
2023,15,sainz,1,20,29.499
2023,15,leclerc,1,20,32.888
2023,15,russell,1,20,29.976
2023,15,norris,1,20,29.485
2023,15,hamilton,1,20,32.631
2023,15,alonso,1,20,30.670
2023,15,ocon,1,20,29.755
2023,15,kevin_magnussen,1,20,31.475
2023,15,hulkenberg,1,20,35.497
2023,15,gasly,1,20,31.802
2023,15,lawson,1,20,32.348
2023,15,piastri,1,20,29.369
2023,15,albon,1,20,30.138
2023,15,zhou,2,20,30.637
2023,15,perez,1,39,28.977
2023,15,max_verstappen,1,40,29.698
2023,15,bottas,1,40,30.487
2023,15,albon,2,43,29.787
2023,15,kevin_magnussen,2,43,33.078
2023,15,sargeant,2,43,31.018
2023,15,russell,2,44,30.039
2023,15,hamilton,2,44,33.581
2023,15,alonso,2,44,52.708
2023,16,albon,1,1,50.143
2023,16,zhou,1,1,41.041
2023,16,ocon,1,1,27.056
2023,16,bottas,1,1,55.802
2023,16,perez,1,2,32.450
2023,16,sargeant,1,2,32.715
2023,16,sargeant,2,5,43.868
2023,16,bottas,2,6,53.512
2023,16,hulkenberg,1,8,23.520
2023,16,tsunoda,1,9,22.944
2023,16,lawson,1,10,23.136
2023,16,zhou,2,10,24.091
2023,16,alonso,1,11,24.086
2023,16,perez,2,12,41.499
2023,16,kevin_magnussen,1,12,23.816
2023,16,piastri,1,13,24.455
2023,16,albon,2,13,52.165
2023,16,stroll,1,14,23.441
2023,16,perez,3,13,41:25.913
2023,16,max_verstappen,1,16,24.382
2023,16,hamilton,1,16,24.841
2023,16,norris,1,17,23.523
2023,16,leclerc,1,17,23.197
2023,16,sainz,1,18,23.075
2023,16,gasly,1,18,24.488
2023,16,hulkenberg,2,21,23.660
2023,16,sargeant,3,21,35.182
2023,16,russell,1,24,24.034
2023,16,alonso,2,25,24.294
2023,16,lawson,2,25,23.671
2023,17,russell,1,1,39.686
2023,17,bottas,1,3,29.977
2023,17,kevin_magnussen,1,3,28.743
2023,17,stroll,1,3,28.886
2023,17,lawson,1,3,29.330
2023,17,tsunoda,1,9,27.781
2023,17,ocon,1,10,28.961
2023,17,alonso,1,11,28.373
2023,17,gasly,1,11,28.429
2023,17,piastri,1,12,28.875
2023,17,leclerc,1,12,28.228
2023,17,norris,1,13,28.134
2023,17,hulkenberg,1,13,39.879
2023,17,sargeant,1,13,29.436
2023,17,russell,2,14,28.542
2023,17,max_verstappen,1,17,28.233
2023,17,perez,1,17,27.808
2023,17,albon,1,18,29.253
2023,17,zhou,1,18,28.984
2023,17,bottas,2,21,29.387
2023,17,stroll,2,21,28.156
2023,17,kevin_magnussen,2,21,28.948
2023,17,lawson,2,21,28.665
2023,17,tsunoda,2,22,27.596
2023,17,piastri,2,25,27.868
2023,17,leclerc,2,25,27.873
2023,17,ocon,2,25,28.969
2023,17,alonso,2,26,28.432
2023,17,gasly,2,26,30.192
2023,17,sargeant,2,26,29.373
2023,18,zhou,1,9,25.636
2023,18,albon,1,10,24.563
2023,18,bottas,1,10,24.783
2023,18,kevin_magnussen,1,10,25.067
2023,18,sargeant,1,11,24.990
2023,18,max_verstappen,1,16,23.756
2023,18,norris,1,17,24.155
2023,18,sainz,1,17,23.668
2023,18,perez,1,17,24.245
2023,18,tsunoda,1,17,24.354
2023,18,gasly,1,18,23.900
2023,18,alonso,1,19,25.055
2023,18,hulkenberg,1,19,26.573
2023,18,hamilton,1,20,24.916
2023,18,stroll,1,20,24.457
2023,18,russell,1,21,24.357
2023,18,ricciardo,1,22,24.364
2023,18,leclerc,1,23,23.963
2023,18,zhou,2,27,24.717
2023,18,bottas,2,28,25.020
2023,18,albon,2,29,24.354
2023,18,kevin_magnussen,2,29,24.745
2023,18,sargeant,2,32,25.547
2023,18,norris,2,34,23.361
2023,18,tsunoda,2,34,24.125
2023,18,hulkenberg,2,34,24.308
2023,18,max_verstappen,2,35,24.974
2023,18,sainz,2,35,23.673
2023,18,perez,2,37,23.747
2023,18,gasly,2,37,24.880
2023,19,tsunoda,1,9,30.121
2023,19,norris,1,11,23.408
2023,19,max_verstappen,1,19,22.427
2023,19,zhou,1,21,22.817
2023,19,sargeant,1,22,23.945
2023,19,hulkenberg,1,23,23.144
2023,19,kevin_magnussen,1,23,23.642
2023,19,hamilton,1,24,22.210
2023,19,piastri,1,25,23.734
2023,19,russell,1,26,22.311
2023,19,ricciardo,1,27,22.406
2023,19,gasly,1,28,22.627
2023,19,alonso,1,29,22.844
2023,19,sainz,1,30,22.067
2023,19,stroll,1,30,22.582
2023,19,leclerc,1,31,22.248
2023,19,bottas,1,31,23.638
2023,19,max_verstappen,2,33,22.372
2023,19,norris,2,33,22.563
2023,19,albon,1,33,23.680
2023,19,max_verstappen,3,34,20:09.136
2023,19,leclerc,2,34,20:10.512
2023,19,hamilton,2,34,20:12.908
2023,19,sainz,2,34,20:15.432
2023,19,ricciardo,2,34,20:17.136
2023,19,piastri,2,34,20:19.064
2023,19,russell,2,34,20:18.200
2023,19,tsunoda,2,34,20:18.057
2023,19,hulkenberg,2,34,20:19.826
2023,19,norris,3,34,20:26.386
2023,20,max_verstappen,1,1,18.535
2023,20,norris,1,1,19.386
2023,20,hamilton,1,1,18.521
2023,20,alonso,1,1,18.487
2023,20,stroll,1,1,18.504
2023,20,russell,1,1,20.449
2023,20,perez,1,1,20.811
2023,20,sainz,1,1,23.030
2023,20,ocon,1,1,22.209
2023,20,piastri,1,1,26:24.007
2023,20,tsunoda,1,1,20.969
2023,20,gasly,1,1,20.523
2023,20,bottas,1,1,20.732
2023,20,zhou,1,1,21.256
2023,20,sargeant,1,1,27.472
2023,20,ricciardo,1,1,26:16.725
2023,20,hulkenberg,1,1,34.261
2023,20,max_verstappen,2,2,23:22.632
2023,20,norris,2,2,23:24.611
2023,20,hamilton,2,2,23:26.375
2023,20,alonso,2,2,23:28.154
2023,20,stroll,2,2,23:29.984
2023,20,russell,2,2,23:30.984
2023,20,perez,2,2,23:31.712
2023,20,sainz,2,2,23:33.704
2023,20,ocon,2,2,23:34.725
2023,20,tsunoda,2,2,23:35.420
2023,20,gasly,2,2,23:36.706
2023,20,bottas,2,2,23:38.156
2023,20,zhou,2,2,23:39.945
2023,21,perez,1,1,33.599
2023,21,alonso,1,1,29.304
2023,21,bottas,1,1,43.914
2023,21,stroll,1,3,22.222
2023,21,sainz,1,3,21.261
2023,21,tsunoda,1,10,20.619
2023,21,hulkenberg,1,12,22.154
2023,21,kevin_magnussen,1,14,21.611
2023,21,russell,1,15,21.257
2023,21,sargeant,1,15,21.367
2023,21,max_verstappen,1,16,26.686
2023,21,albon,1,16,21.242
2023,21,piastri,1,16,23.269
2023,21,gasly,1,17,22.262
2023,21,hamilton,1,17,25.047
2023,21,ricciardo,1,17,22.242
2023,21,ocon,1,20,21.763
2023,21,leclerc,1,21,22.559
2023,21,tsunoda,2,21,20.894
2023,21,bottas,2,24,21.575
2023,21,perez,2,26,21.568
2023,21,stroll,2,26,22.570
2023,21,max_verstappen,2,26,21.323
2023,21,russell,2,26,21.952
2023,21,sainz,2,26,22.630
2023,21,alonso,2,26,23.214
2023,21,zhou,1,26,22.155
2023,21,kevin_magnussen,2,26,21.868
2023,21,hulkenberg,2,26,25.453
2023,21,hamilton,2,26,22.508
2023,22,kevin_magnussen,1,5,22.764
2023,22,ricciardo,1,7,21.692
2023,22,alonso,1,12,22.462
2023,22,piastri,1,13,21.697
2023,22,hulkenberg,1,13,21.861
2023,22,zhou,1,13,22.867
2023,22,norris,1,14,24.061
2023,22,russell,1,14,21.650
2023,22,hamilton,1,15,22.195
2023,22,ocon,1,15,22.160
2023,22,sargeant,1,15,22.124
2023,22,max_verstappen,1,16,21.662
2023,22,albon,1,16,22.170
2023,22,leclerc,1,17,21.919
2023,22,perez,1,17,21.446
2023,22,gasly,1,17,23.091
2023,22,tsunoda,1,22,21.486
2023,22,stroll,1,22,21.866
2023,22,kevin_magnussen,2,22,22.163
2023,22,sainz,1,23,21.229
2023,22,bottas,1,29,22.665
2023,22,ricciardo,2,31,21.740
2023,22,gasly,2,32,23.478
2023,22,norris,2,33,21.432
2023,22,hulkenberg,2,33,22.081
2023,22,russell,2,34,22.084
2023,22,leclerc,2,35,21.246
2023,22,hamilton,2,35,22.045
2023,22,piastri,2,36,21.156
2023,22,alonso,2,36,21.841
2024,1,hulkenberg,1,1,36.604
2024,1,zhou,1,9,25.208
2024,1,stroll,1,9,24.418
2024,1,ocon,1,10,24.877
2024,1,sargeant,1,10,35.729
2024,1,russell,1,11,24.778
2024,1,leclerc,1,11,24.069
2024,1,kevin_magnussen,1,11,25.951
2024,1,perez,1,12,24.516
2024,1,piastri,1,12,25.450
2024,1,hamilton,1,12,25.087
2024,1,gasly,1,12,29.980
2024,1,bottas,1,12,26.420
2024,1,norris,1,13,24.205
2024,1,ricciardo,1,13,24.988
2024,1,sainz,1,14,24.474
2024,1,tsunoda,1,14,24.724
2024,1,alonso,1,15,24.786
2024,1,albon,1,15,24.681
2024,1,max_verstappen,1,17,25.064
2024,1,hulkenberg,2,20,24.768
2024,1,stroll,2,27,24.545
2024,1,zhou,2,28,25.094
2024,1,sargeant,2,28,25.070
2024,1,ocon,2,30,25.145
2024,1,bottas,2,30,1:14.773
2024,1,russell,2,31,24.866
2024,1,gasly,2,31,26.462
2024,1,kevin_magnussen,2,32,24.446
2024,1,norris,2,33,24.705
2024,2,max_verstappen,1,7,20.607
2024,2,perez,1,7,22.196
2024,2,leclerc,1,7,23.419
2024,2,piastri,1,7,21.427
2024,2,alonso,1,7,22.129
2024,2,russell,1,7,21.013
2024,2,bearman,1,7,22.457
2024,2,tsunoda,1,7,21.694
2024,2,albon,1,7,21.723
2024,2,kevin_magnussen,1,7,21.460
2024,2,ricciardo,1,7,1:03.364
2024,2,ocon,1,7,22.502
2024,2,bottas,1,7,22.795
2024,2,sargeant,1,7,23.645
2024,2,hulkenberg,1,33,21.035
2024,2,bottas,2,35,23.281
2024,2,hamilton,1,36,20.170
2024,2,norris,1,37,22.211
2024,2,zhou,1,41,46.381
2024,3,ricciardo,1,5,18.265
2024,3,albon,1,6,17.755
2024,3,zhou,1,6,19.032
2024,3,hamilton,1,7,17.596
2024,3,kevin_magnussen,1,7,18.301
2024,3,russell,1,8,18.046
2024,3,stroll,1,8,17.901
2024,3,bottas,1,8,46.969
2024,3,leclerc,1,9,17.409
2024,3,piastri,1,9,17.573
2024,3,tsunoda,1,9,18.523
2024,3,ocon,1,9,18.287
2024,3,norris,1,14,17.776
2024,3,perez,1,14,18.112
2024,3,sainz,1,16,17.599
2024,3,ocon,2,16,30.626
2024,3,alonso,1,17,18.160
2024,3,hulkenberg,1,17,18.320
2024,3,gasly,1,17,20.316
2024,3,albon,2,27,17.745
2024,3,ricciardo,2,29,17.751
2024,3,kevin_magnussen,2,33,18.151
2024,3,leclerc,2,34,17.308
2024,3,perez,2,35,17.222
2024,3,hulkenberg,2,35,18.145
2024,3,zhou,2,35,36.866
2024,3,tsunoda,2,36,17.535
2024,3,bottas,2,36,18.938
2024,3,stroll,2,37,17.977
2024,3,piastri,2,39,18.533
2024,4,max_verstappen,1,1,26:15.603
2024,4,perez,1,1,26:17.661
2024,4,norris,1,1,26:20.116
2024,4,sainz,1,1,26:20.097
2024,4,alonso,1,1,26:20.924
2024,4,piastri,1,1,26:20.204
2024,4,hamilton,1,1,26:20.696
2024,4,leclerc,1,1,26:23.333
2024,4,russell,1,1,26:21.238
2024,4,hulkenberg,1,1,26:20.886
2024,4,bottas,1,1,26:22.542
2024,4,tsunoda,1,1,26:24.553
2024,4,ocon,1,1,26:26.095
2024,4,gasly,1,1,26:26.793
2024,4,stroll,1,1,26:25.911
2024,4,kevin_magnussen,1,1,26:24.630
2024,4,sargeant,1,1,26:25.267
2024,4,zhou,1,1,26:22.912
2024,4,hulkenberg,2,5,23.622
2024,4,bottas,2,6,24.824
2024,4,tsunoda,2,7,23.358
2024,4,zhou,2,7,23.910
2024,4,norris,2,11,23.049
2024,4,zhou,3,11,26.653
2024,4,piastri,2,12,23.420
2024,4,stroll,2,12,23.358
2024,4,alonso,2,13,22.998
2024,4,perez,2,15,22.990
2024,4,sainz,2,15,23.136
2024,4,max_verstappen,2,16,23.177
2024,5,hulkenberg,1,8,23.004
2024,5,tsunoda,1,8,23.160
2024,5,zhou,1,8,23.362
2024,5,stroll,1,9,23.823
2024,5,bottas,1,9,22.949
2024,5,ocon,1,9,23.156
2024,5,albon,1,9,23.273
2024,5,hamilton,1,9,22.518
2024,5,alonso,1,11,23.049
2024,5,russell,1,11,22.415
2024,5,gasly,1,11,39.712
2024,5,sargeant,1,12,23.229
2024,5,max_verstappen,1,13,22.456
2024,5,perez,1,13,22.027
2024,5,ricciardo,1,14,22.598
2024,5,piastri,1,16,22.673
2024,5,sainz,1,17,22.629
2024,5,kevin_magnussen,1,17,22.974
2024,5,leclerc,1,21,22.360
2024,5,stroll,2,21,22.911
2024,5,hamilton,2,21,22.662
2024,5,norris,1,22,22.161
2024,5,max_verstappen,2,23,22.270
2024,5,perez,2,23,22.371
2024,5,alonso,2,23,22.687
2024,5,russell,2,23,22.707
2024,5,hulkenberg,2,23,23.336
2024,5,ocon,2,23,23.208
2024,5,tsunoda,2,23,22.387
2024,5,albon,2,23,23.600
2024,6,albon,1,10,22.828
2024,6,stroll,1,11,23.038
2024,6,sargeant,1,11,22.611
2024,6,bottas,1,11,23.730
2024,6,hulkenberg,1,12,23.055
2024,6,gasly,1,12,22.466
2024,6,perez,1,17,21.695
2024,6,leclerc,1,19,21.825
2024,6,ocon,1,22,22.663
2024,6,alonso,1,22,22.374
2024,6,kevin_magnussen,1,22,23.265
2024,6,max_verstappen,1,23,22.187
2024,6,russell,1,24,22.800
2024,6,hamilton,1,26,22.107
2024,6,piastri,1,27,22.216
2024,6,sainz,1,27,22.805
2024,6,perez,2,28,22.396
2024,6,tsunoda,1,28,22.153
2024,6,zhou,1,28,23.017
2024,6,ricciardo,1,28,22.540
2024,6,hulkenberg,2,28,22.487
2024,6,stroll,2,28,22.631
2024,6,kevin_magnussen,2,28,29.727
2024,6,norris,1,29,22.041
2024,6,bottas,2,29,22.765
2024,6,kevin_magnussen,3,31,30.732
2024,6,piastri,2,40,30.409
2024,6,albon,2,53,22.567
2024,7,alonso,1,7,31.368
2024,7,albon,1,8,30.050
2024,7,gasly,1,8,30.081
2024,7,bottas,1,8,30.240
2024,7,albon,2,9,33.179
2024,7,ricciardo,1,11,30.068
2024,7,tsunoda,1,12,29.628
2024,7,hulkenberg,1,13,29.749
2024,7,russell,1,21,29.664
2024,7,norris,1,22,29.956
2024,7,piastri,1,23,29.770
2024,7,max_verstappen,1,24,30.416
2024,7,albon,3,23,38.413
2024,7,leclerc,1,25,30.149
2024,7,ocon,1,25,30.659
2024,7,sainz,1,27,30.508
2024,7,hamilton,1,27,29.547
2024,7,albon,4,28,31.131
2024,7,gasly,2,30,30.654
2024,7,sargeant,1,31,31.085
2024,7,zhou,1,33,30.244
2024,7,perez,1,37,29.669
2024,7,stroll,1,37,29.971
2024,7,kevin_magnussen,1,37,31.302
2024,7,alonso,2,40,30.483
2024,7,russell,2,52,29.605
2024,7,alonso,3,59,29.931
2024,8,leclerc,1,1,39:18.026
2024,8,piastri,1,1,39:17.645
2024,8,norris,1,1,39:25.538
2024,8,russell,1,1,39:29.363
2024,8,max_verstappen,1,1,39:32.670
2024,8,hamilton,1,1,39:35.369
2024,8,tsunoda,1,1,39:37.564
2024,8,albon,1,1,39:41.390
2024,8,gasly,1,1,39:41.893
2024,8,stroll,1,1,39:43.588
2024,8,ricciardo,1,1,39:45.823
2024,8,alonso,1,1,39:49.467
2024,8,sargeant,1,1,39:51.600
2024,8,bottas,1,1,39:54.053
2024,8,sainz,1,1,38:47.072
2024,8,zhou,1,1,39:46.414
2024,8,bottas,2,15,24.239
2024,8,stroll,2,42,24.132
2024,8,stroll,3,48,28.211
2024,8,hamilton,2,51,24.232
2024,8,max_verstappen,2,52,23.813
2024,8,sargeant,2,57,24.384
2024,8,zhou,2,70,24.367
2024,9,kevin_magnussen,1,7,30.472
2024,9,hulkenberg,1,12,24.233
2024,9,zhou,1,24,25.598
2024,9,max_verstappen,1,25,24.306
2024,9,russell,1,25,24.044
2024,9,piastri,1,25,23.977
2024,9,alonso,1,25,25.788
2024,9,hamilton,1,25,23.762
2024,9,stroll,1,25,24.284
2024,9,albon,1,25,24.753
2024,9,leclerc,1,25,24.031
2024,9,sainz,1,25,27.626
2024,9,kevin_magnussen,2,25,26.794
2024,9,gasly,1,25,24.911
2024,9,perez,1,25,33.762
2024,9,hulkenberg,2,25,24.668
2024,9,norris,1,26,23.423
2024,9,ricciardo,1,26,30.298
2024,9,leclerc,2,28,47.186
2024,9,leclerc,3,31,24.629
2024,9,gasly,2,40,24.408
2024,9,kevin_magnussen,3,41,24.833
2024,9,bottas,1,42,24.929
2024,9,hamilton,2,43,24.226
2024,9,ricciardo,2,43,23.860
2024,9,sainz,2,43,24.125
2024,9,perez,2,43,24.423
2024,9,piastri,2,44,23.476
2024,9,alonso,2,44,24.346
2024,9,tsunoda,1,44,25.569
2024,10,zhou,1,9,22.523
2024,10,tsunoda,1,9,22.064
2024,10,kevin_magnussen,1,10,23.360
2024,10,bottas,1,11,22.744
2024,10,hulkenberg,1,12,22.722
2024,10,ocon,1,13,21.834
2024,10,perez,1,13,22.181
2024,10,gasly,1,14,26.097
2024,10,sargeant,1,14,22.401
2024,10,russell,1,15,25.023
2024,10,sainz,1,15,22.194
2024,10,hamilton,1,16,21.840
2024,10,ricciardo,1,16,22.364
2024,10,max_verstappen,1,17,21.544
2024,10,stroll,1,17,21.880
2024,10,albon,1,18,23.248
2024,10,alonso,1,19,21.957
2024,10,piastri,1,21,22.224
2024,10,norris,1,23,21.618
2024,10,leclerc,1,24,22.260
2024,10,tsunoda,2,27,22.084
2024,10,bottas,2,28,22.963
2024,10,kevin_magnussen,2,29,28.967
2024,10,perez,2,31,21.464
2024,10,sargeant,2,34,22.506
2024,10,russell,2,36,22.700
2024,10,sainz,2,36,22.249
2024,10,ocon,2,37,21.921
2024,10,stroll,2,37,23.381
2024,10,gasly,2,38,21.687
2024,11,leclerc,1,1,31.917
2024,11,sargeant,1,1,31.722
2024,11,kevin_magnussen,1,10,21.518
2024,11,ricciardo,1,10,21.502
2024,11,hulkenberg,1,11,22.355
2024,11,alonso,1,11,21.483
2024,11,albon,1,12,21.878
2024,11,leclerc,2,16,21.685
2024,11,ocon,1,19,22.291
2024,11,bottas,1,19,21.918
2024,11,gasly,1,20,21.431
2024,11,stroll,1,20,21.399
2024,11,sargeant,2,20,22.502
2024,11,hamilton,1,21,21.563
2024,11,perez,1,21,21.291
2024,11,tsunoda,1,21,21.250
2024,11,russell,1,22,21.673
2024,11,sainz,1,22,21.226
2024,11,max_verstappen,1,23,21.899
2024,11,norris,1,23,21.617
2024,11,piastri,1,25,20.978
2024,11,zhou,1,28,23.198
2024,11,leclerc,3,33,22.243
2024,11,alonso,2,35,33.947
2024,11,ricciardo,2,37,21.093
2024,11,kevin_magnussen,2,38,21.832
2024,11,hulkenberg,2,39,21.814
2024,11,albon,2,39,21.692
2024,11,gasly,2,42,22.043
2024,11,bottas,2,42,21.991
2024,12,zhou,1,12,29.178
2024,12,leclerc,1,19,28.481
2024,12,perez,1,19,28.391
2024,12,ocon,1,19,28.495
2024,12,zhou,2,19,29.838
2024,12,ocon,2,21,28.276
2024,12,max_verstappen,1,26,28.365
2024,12,sainz,1,26,29.199
2024,12,hulkenberg,1,26,29.412
2024,12,stroll,1,26,29.023
2024,12,ricciardo,1,26,28.875
2024,12,bottas,1,26,30.628
2024,12,norris,1,27,28.661
2024,12,hamilton,1,27,28.929
2024,12,russell,1,27,32.045
2024,12,alonso,1,27,29.341
2024,12,tsunoda,1,27,
2024,12,albon,1,27,34.742
2024,12,ocon,3,26,29.289
2024,12,kevin_magnussen,1,27,30.308
2024,12,sargeant,1,27,32.801
2024,12,zhou,3,26,29.125
2024,12,piastri,1,28,29.541
2024,12,leclerc,2,27,29.233
2024,12,perez,2,28,32.313
2024,12,kevin_magnussen,2,37,29.884
2024,12,ricciardo,2,37,29.873
2024,12,bottas,2,37,31.527
2024,12,hamilton,2,38,30.038
2024,12,max_verstappen,2,38,29.076
2024,13,hulkenberg,1,2,22.287
2024,13,albon,1,6,22.091
2024,13,kevin_magnussen,1,6,21.871
2024,13,ocon,1,6,21.829
2024,13,alonso,1,7,22.542
2024,13,ricciardo,1,7,21.084
2024,13,zhou,1,7,21.993
2024,13,sargeant,1,8,21.757
2024,13,stroll,1,14,23.237
2024,13,hamilton,1,16,21.306
2024,13,bottas,1,16,22.146
2024,13,norris,1,17,21.861
2024,13,piastri,1,18,21.641
2024,13,max_verstappen,1,21,22.101
2024,13,sainz,1,21,21.655
2024,13,leclerc,1,23,21.894
2024,13,perez,1,28,21.395
2024,13,gasly,1,28,21.405
2024,13,ricciardo,2,28,21.378
2024,13,tsunoda,1,29,21.467
2024,13,hulkenberg,2,29,22.472
2024,13,albon,2,29,23.410
2024,13,ocon,2,30,21.444
2024,13,russell,1,33,21.369
2024,13,sargeant,2,33,21.398
2024,13,kevin_magnussen,2,34,22.531
2024,13,zhou,2,36,22.183
2024,13,alonso,2,37,21.800
2024,13,hamilton,2,40,21.910
2024,13,leclerc,2,40,21.723
2024,14,hulkenberg,1,7,23.562
2024,14,albon,1,8,23.606
2024,14,ricciardo,1,8,22.643
2024,14,sargeant,1,8,23.338
2024,14,gasly,1,9,22.900
2024,14,russell,1,10,22.686
2024,14,max_verstappen,1,10,23.214
2024,14,hamilton,1,11,23.188
2024,14,perez,1,11,22.692
2024,14,piastri,1,11,22.623
2024,14,bottas,1,11,23.147
2024,14,leclerc,1,12,22.942
2024,14,ocon,1,12,23.366
2024,14,stroll,1,12,23.010
2024,14,alonso,1,13,23.075
2024,14,norris,1,15,22.682
2024,14,tsunoda,1,15,23.452
2024,14,kevin_magnussen,1,17,23.619
2024,14,sainz,1,20,23.080
2024,14,hulkenberg,2,20,23.268
2024,14,perez,2,21,22.648
2024,14,ricciardo,2,21,22.328
2024,14,albon,2,23,23.146
2024,14,sargeant,2,24,23.692
2024,14,leclerc,2,25,23.330
2024,14,hamilton,2,26,22.704
2024,14,max_verstappen,2,28,22.943
2024,14,sainz,2,28,23.089
2024,14,gasly,2,28,22.844
2024,14,norris,2,29,22.610
2024,15,albon,1,12,21.258
2024,15,hulkenberg,1,14,21.619
2024,15,tsunoda,1,14,21.249
2024,15,bottas,1,15,21.095
2024,15,zhou,1,18,21.214
2024,15,sargeant,1,22,22.030
2024,15,hamilton,1,23,21.168
2024,15,leclerc,1,24,20.841
2024,15,russell,1,25,21.846
2024,15,max_verstappen,1,27,20.785
2024,15,norris,1,28,21.536
2024,15,perez,1,29,22.934
2024,15,ricciardo,1,29,20.942
2024,15,sainz,1,30,20.840
2024,15,stroll,1,30,21.385
2024,15,ocon,1,30,21.015
2024,15,alonso,1,31,21.348
2024,15,gasly,1,32,22.646
2024,15,tsunoda,2,32,20.880
2024,15,piastri,1,33,20.969
2024,15,kevin_magnussen,1,40,21.403
2024,15,bottas,2,43,21.273
2024,15,hamilton,2,48,21.026
2024,15,zhou,2,51,22.044
2024,15,russell,2,54,21.159
2024,15,albon,2,54,21.016
2024,16,hulkenberg,1,5,38.875
2024,16,gasly,1,10,24.335
2024,16,russell,1,11,32.696
2024,16,ricciardo,1,11,30.317
2024,16,alonso,1,12,24.866
2024,16,norris,1,14,24.169
2024,16,kevin_magnussen,1,14,25.672
2024,16,leclerc,1,15,24.551
2024,16,hamilton,1,15,24.469
2024,16,zhou,1,15,27.138
2024,16,piastri,1,16,23.793
2024,16,colapinto,1,16,25.147
2024,16,albon,1,17,24.801
2024,16,sainz,1,19,24.313
2024,16,stroll,1,19,24.980
2024,16,max_verstappen,1,22,28.198
2024,16,perez,1,23,24.728
2024,16,gasly,2,30,24.203
2024,16,ocon,1,31,24.146
2024,16,norris,2,32,24.870
2024,16,hulkenberg,2,32,36.576
2024,16,russell,2,33,26.297
2024,16,bottas,1,33,24.410
2024,16,perez,2,35,24.030
2024,16,alonso,2,35,24.501
2024,16,stroll,2,36,24.209
2024,16,hamilton,2,37,24.155
2024,16,piastri,2,38,24.670
2024,16,max_verstappen,2,41,24.150
2024,16,stroll,3,50,25.269
2024,17,stroll,1,1,21.123
2024,17,colapinto,1,10,20.596
2024,17,alonso,1,11,20.073
2024,17,bottas,1,11,20.045
2024,17,max_verstappen,1,12,21.145
2024,17,russell,1,12,19.954
2024,17,hamilton,1,12,21.289
2024,17,tsunoda,1,12,20.922
2024,17,perez,1,13,20.630
2024,17,bearman,1,14,21.276
2024,17,piastri,1,15,20.181
2024,17,hulkenberg,1,15,21.617
2024,17,leclerc,1,16,20.671
2024,17,sainz,1,17,21.483
2024,17,stroll,2,22,20.214
2024,17,albon,1,31,20.287
2024,17,zhou,1,34,20.520
2024,17,norris,1,37,19.712
2024,17,max_verstappen,2,49,20.725
2024,17,ricciardo,1,49,21.984
2024,17,ocon,1,49,20.634
2024,17,gasly,1,50,20.257
2024,18,ricciardo,1,10,30.316
2024,18,albon,1,11,29.126
2024,18,sainz,1,13,29.385
2024,18,hamilton,1,17,29.272
2024,18,alonso,1,25,29.251
2024,18,stroll,1,26,29.816
2024,18,russell,1,27,28.739
2024,18,perez,1,28,28.990
2024,18,kevin_magnussen,1,28,29.707
2024,18,max_verstappen,1,29,29.655
2024,18,hulkenberg,1,29,29.808
2024,18,colapinto,1,29,29.772
2024,18,ocon,1,29,29.601
2024,18,norris,1,30,29.091
2024,18,tsunoda,1,33,29.662
2024,18,bottas,1,33,30.423
2024,18,zhou,1,34,29.360
2024,18,leclerc,1,36,29.042
2024,18,gasly,1,37,31.509
2024,18,piastri,1,38,29.152
2024,18,ricciardo,2,46,29.066
2024,18,kevin_magnussen,2,49,31.291
2024,18,ricciardo,3,58,29.653
2024,19,albon,1,3,34.983
2024,19,zhou,1,13,24.433
2024,19,bottas,1,15,24.439
2024,19,kevin_magnussen,1,17,23.966
2024,19,gasly,1,18,28.228
2024,19,tsunoda,1,18,24.193
2024,19,sainz,1,21,23.963
2024,19,max_verstappen,1,25,24.228
2024,19,leclerc,1,26,23.817
2024,19,perez,1,26,23.580
2024,19,alonso,1,26,24.247
2024,19,hulkenberg,1,27,24.500
2024,19,stroll,1,27,26.399
2024,19,norris,1,31,23.731
2024,19,ocon,1,31,24.156
2024,19,piastri,1,32,24.107
2024,19,albon,2,33,24.391
2024,19,zhou,2,35,24.890
2024,19,lawson,1,36,23.839
2024,19,kevin_magnussen,2,38,24.087
2024,19,colapinto,1,39,23.971
2024,19,russell,1,40,29.327
2024,19,ocon,2,51,26.175
2024,20,perez,1,20,27.730
2024,20,max_verstappen,1,26,43.730
2024,20,stroll,1,26,22.592
2024,20,hamilton,1,28,22.538
2024,20,gasly,1,28,23.204
2024,20,hulkenberg,1,29,23.077
2024,20,norris,1,30,22.111
2024,20,kevin_magnussen,1,30,23.332
2024,20,leclerc,1,31,22.860
2024,20,russell,1,31,22.462
2024,20,sainz,1,32,22.249
2024,20,piastri,1,39,21.825
2024,20,lawson,1,39,22.586
2024,20,zhou,1,43,22.935
2024,20,perez,2,43,22.174
2024,20,colapinto,1,47,23.895
2024,20,ocon,1,48,23.245
2024,20,bottas,1,49,22.505
2024,20,lawson,2,65,30.299
2024,20,leclerc,2,69,22.690
2024,20,perez,3,68,21.920
2024,21,leclerc,1,24,24.573
2024,21,hulkenberg,1,25,25.369
2024,21,colapinto,1,26,25.287
2024,21,piastri,1,27,26.050
2024,21,alonso,1,27,25.107
2024,21,bearman,1,27,35.755
2024,21,hamilton,1,27,25.205
2024,21,sainz,1,27,25.920
2024,21,perez,1,27,26.692
2024,21,zhou,1,27,25.248
2024,21,russell,1,28,25.698
2024,21,norris,1,28,24.764
2024,21,tsunoda,1,28,25.431
2024,21,lawson,1,28,28.167
2024,21,hulkenberg,2,27,58.984
2024,21,zhou,2,28,27.067
2024,21,colapinto,2,30,25.239
2024,21,hulkenberg,3,29,28.590
2024,21,ocon,1,32,23:28.695
2024,21,max_verstappen,1,32,23:29.303
2024,21,zhou,3,31,21:23.154
2024,21,gasly,1,32,23:27.586
2024,21,norris,2,32,23:35.363
2024,21,russell,2,32,23:35.838
2024,21,tsunoda,2,32,23:39.030
2024,21,leclerc,2,32,23:40.260
2024,21,piastri,2,32,23:40.270
2024,21,alonso,2,32,23:42.872
2024,21,lawson,2,32,23:42.722
2024,21,hamilton,2,32,23:45.703
2024,22,alonso,1,4,21.407
2024,22,leclerc,1,9,21.329
2024,22,norris,1,9,21.194
2024,22,albon,1,9,22.012
2024,22,stroll,1,9,34.863
2024,22,sainz,1,10,21.048
2024,22,gasly,1,10,22.179
2024,22,tsunoda,1,10,21.168
2024,22,piastri,1,10,27.732
2024,22,max_verstappen,1,11,20.697
2024,22,ocon,1,11,15.790
2024,22,zhou,1,11,22.960
2024,22,lawson,1,11,21.049
2024,22,russell,1,12,21.072
2024,22,ocon,2,12,21.142
2024,22,hamilton,1,13,21.067
2024,22,hulkenberg,1,14,21.511
2024,22,colapinto,1,16,21.170
2024,22,perez,1,17,21.294
2024,22,kevin_magnussen,1,17,21.963
2024,22,bottas,1,17,21.623
2024,22,alonso,2,24,21.407
2024,22,piastri,2,25,21.082
2024,22,colapinto,2,26,21.221
2024,22,max_verstappen,2,27,22.254
2024,22,hamilton,2,27,21.355
2024,22,sainz,2,28,20.879
2024,22,stroll,2,28,21.588
2024,22,tsunoda,2,29,21.208
2024,22,norris,2,30,20.668
2024,23,stroll,1,1,29.783
2024,23,hulkenberg,1,1,32.957
2024,23,stroll,2,7,41.674
2024,23,russell,1,23,32.309
2024,23,bottas,1,24,29.034
2024,23,kevin_magnussen,1,27,28.543
2024,23,hulkenberg,2,31,28.343
2024,23,piastri,1,34,27.818
2024,23,sainz,1,34,36.143
2024,23,hamilton,1,34,37.915
2024,23,max_verstappen,1,35,28.303
2024,23,norris,1,35,28.024
2024,23,leclerc,1,35,28.460
2024,23,perez,1,35,28.088
2024,23,gasly,1,35,28.792
2024,23,russell,2,35,27.870
2024,23,alonso,1,35,28.628
2024,23,zhou,1,35,29.085
2024,23,tsunoda,1,35,29.024
2024,23,albon,1,35,29.179
2024,23,lawson,1,35,45.049
2024,23,max_verstappen,2,36,23.884
2024,23,hamilton,2,35,23.412
2024,23,bottas,2,35,28.968
2024,23,norris,2,36,25.592
2024,23,leclerc,2,36,25.675
2024,23,piastri,2,36,22.867
2024,23,perez,2,36,22.705
2024,23,gasly,2,36,22.717
2024,23,russell,3,36,22.763
2024,24,colapinto,1,3,24.941
2024,24,piastri,1,4,23.582
2024,24,bottas,1,6,41.144
2024,24,stroll,1,11,23.266
2024,24,kevin_magnussen,1,12,26.363
2024,24,zhou,1,12,23.024
2024,24,albon,1,12,22.065
2024,24,hulkenberg,1,13,21.530
2024,24,alonso,1,13,23.326
2024,24,gasly,1,14,22.059
2024,24,leclerc,1,20,21.869
2024,24,tsunoda,1,22,21.869
2024,24,doohan,1,22,22.080
2024,24,lawson,1,23,23.415
2024,24,lawson,2,24,22.565
2024,24,sainz,1,25,21.280
2024,24,norris,1,26,21.276
2024,24,russell,1,26,21.656
2024,24,max_verstappen,1,29,32.652
2024,24,kevin_magnussen,2,29,21.678
2024,24,lawson,3,29,32.317
2024,24,kevin_magnussen,3,30,22.815
2024,24,piastri,2,32,32.774
2024,24,stroll,2,32,22.053
2024,24,hamilton,1,34,21.694
2024,24,alonso,2,37,22.437
2024,24,zhou,2,39,28.765
2024,24,kevin_magnussen,4,55,22.090
